id,first_name,last_name,email,gender,Address
1,Rouvin,Pacher,rpacher0@wordpress.com,Male,Banyubang
2,Caye,Sturdy,csturdy1@xrea.com,Female,Pirapozinho
3,Tom,Chattaway,tchattaway2@globo.com,Male,Kembang
4,Tootsie,Reen,treen3@epa.gov,Female,San José
5,Yevette,Lackie,ylackie4@theglobeandmail.com,Female,Broshniv-Osada
6,Winston,Phethean,wphethean5@is.gd,Male,Korsze
7,Griffy,Schleswig-Holstein,gschleswigholstein6@vinaora.com,Male,Kokubu-matsuki
8,Estele,Nafziger,enafziger7@dot.gov,Female,Shakhta
9,Ram,Juares,rjuares8@rambler.ru,Male,Little Rock
10,Felizio,Thredder,fthredder9@pinterest.com,Male,Curug
11,Carol,Beatson,cbeatsona@photobucket.com,Female,Vantaa
12,Madelaine,Shoreson,mshoresonb@cdbaby.com,Female,Saray
13,Noreen,Tuckett,ntuckettc@gizmodo.com,Female,Canmore
14,Ilaire,Corish,icorishd@quantcast.com,Male,La Esperanza
15,Caresse,Baston,cbastone@stumbleupon.com,Female,San Justo
16,Dacia,Minard,dminardf@salon.com,Female,Osiek
17,Orelle,Moncur,omoncurg@ow.ly,Female,Pánormos
18,Valerye,Middlehurst,vmiddlehursth@bbb.org,Female,Kasakh
19,Dwain,Gai,dgaii@angelfire.com,Male,Gaspar
20,Caleb,Maynell,cmaynellj@cpanel.net,Male,Vanadzor
21,Cyb,Dell 'Orto,cdellortok@usnews.com,Female,Chang’an
22,Bidget,Blow,bblowl@oracle.com,Female,Butembo
23,Marga,Andrus,mandrusm@apple.com,Female,Jinka
24,Filbert,Dobney,fdobneyn@state.gov,Male,Taldyqorghan
25,Colette,Abramovitch,cabramovitcho@last.fm,Female,Tabuaço
26,Isa,Mushrow,imushrowp@spiegel.de,Female,Divnoye
27,Georgianne,Hubber,ghubberq@desdev.cn,Female,Yaruchel
28,Dotty,Bottrell,dbottrellr@elegantthemes.com,Female,Huanchaco
29,Brandtr,Flipsen,bflipsens@guardian.co.uk,Male,Tambaú
30,Adelaida,Danilewicz,adanilewiczt@pcworld.com,Female,Guanqing
31,Derward,Sleeman,dsleemanu@nps.gov,Male,Rockford
32,Hettie,Cassells,hcassellsv@wisc.edu,Female,Sever do Vouga
33,Shelbi,Ganford,sganfordw@rakuten.co.jp,Female,Solana
34,Goddard,Jado,gjadox@wunderground.com,Male,Dahua
35,Rafaello,Kovacs,rkovacsy@dell.com,Male,Sandur
36,Nollie,O'Hartagan,nohartaganz@google.fr,Male,Hexi
37,Chris,Offa,coffa10@a8.net,Female,Cibenda
38,Deerdre,Pellew,dpellew11@reddit.com,Female,Saint-Julien-en-Genevois
39,Maryrose,Cashmore,mcashmore12@japanpost.jp,Female,Casma
40,Nobie,Broose,nbroose13@odnoklassniki.ru,Male,Kantharalak
41,Brittani,Kimber,bkimber14@ocn.ne.jp,Female,Fucha
42,Bentlee,Brient,bbrient15@marriott.com,Male,Nestório
43,Winfield,Crucitti,wcrucitti16@odnoklassniki.ru,Male,Saitama
44,Carmina,Scane,cscane17@rakuten.co.jp,Female,Kulonkali
45,Vonni,Hutchison,vhutchison18@yolasite.com,Female,Norwalk
46,Sorcha,Dowglass,sdowglass19@vimeo.com,Female,Bù Đốp
47,Beryl,Parkins,bparkins1a@vimeo.com,Female,Louisville
48,Frederigo,Basili,fbasili1b@elpais.com,Male,Yasinya
49,Maximilien,Sumpton,msumpton1c@youtube.com,Male,Јегуновце
50,Horst,Gauge,hgauge1d@yale.edu,Male,Kauran
51,Godwin,Rastall,grastall1e@taobao.com,Male,Akhmīm
52,Rollo,Divill,rdivill1f@wikia.com,Male,Gunungsari
53,Brinn,Leverich,bleverich1g@go.com,Female,Milot
54,Monique,Abrahamovitz,mabrahamovitz1h@nhs.uk,Female,Otun
55,Zachariah,Beausang,zbeausang1i@privacy.gov.au,Male,Heshang
56,Janaya,Labrow,jlabrow1j@unc.edu,Female,Srubec
57,Lisle,Joe,ljoe1k@google.de,Male,Samagaltay
58,Jordana,Asquez,jasquez1l@stumbleupon.com,Female,Mirkovci
59,Aron,Bradtke,abradtke1m@bing.com,Male,Montélimar
60,Gradey,Lafontaine,glafontaine1n@whitehouse.gov,Male,Kedrovyy
61,Elmore,Craythorn,ecraythorn1o@home.pl,Male,Araras
62,Melicent,Jerrom,mjerrom1p@vimeo.com,Female,Dongshe
63,Cyril,Cansfield,ccansfield1q@fotki.com,Male,Bandung
64,Flossie,Butterick,fbutterick1r@cnbc.com,Female,Ternopil’
65,Dayna,McKeveney,dmckeveney1s@geocities.com,Female,Falun
66,Aylmer,Isaacs,aisaacs1t@nydailynews.com,Male,Satuba
67,Allistir,McMichael,amcmichael1u@live.com,Male,Cabricán
68,Marius,Sannes,msannes1v@ocn.ne.jp,Male,Dayan
69,Urbano,Gladdifh,ugladdifh1w@youku.com,Male,Nový Malín
70,Fritz,Skillitt,fskillitt1x@sciencedirect.com,Male,Wakimachi
71,Collie,Wheway,cwheway1y@deviantart.com,Female,Ljutomer
72,Theresina,Prebble,tprebble1z@netlog.com,Female,Al Mughayyir
73,Yardley,Lagden,ylagden20@squidoo.com,Male,Villasis
74,Mariel,Streets,mstreets21@google.co.jp,Female,Pelasgía
75,Briant,Cristobal,bcristobal22@home.pl,Male,Mundri
76,Werner,Rosewarne,wrosewarne23@istockphoto.com,Male,Nerópolis
77,Karlik,Pummery,kpummery24@comsenz.com,Male,Wichita
78,Timofei,Winspeare,twinspeare25@icio.us,Male,Awar-awar
79,Noah,Victoria,nvictoria26@theglobeandmail.com,Male,Henggouqiao
80,Judah,Boulding,jboulding27@github.com,Male,Rozsypne
81,Bella,Fury,bfury28@ovh.net,Female,To’rtko’l Shahri
82,Malinda,Butterwick,mbutterwick29@businessinsider.com,Female,Alibago
83,Bernadette,Hawney,bhawney2a@pbs.org,Female,Dapaong
84,Georgie,Nerheny,gnerheny2b@springer.com,Female,Ambelókipoi
85,Vail,Pitchers,vpitchers2c@mlb.com,Male,Lakateng
86,Sollie,Ottawell,sottawell2d@thetimes.co.uk,Male,Mātli
87,Kris,Shiers,kshiers2e@issuu.com,Female,Guaymango
88,Ezmeralda,Biasotti,ebiasotti2f@columbia.edu,Female,Acton Vale
89,Emilia,Neising,eneising2g@bluehost.com,Female,Xilin
90,Tull,Flasby,tflasby2h@tinyurl.com,Male,Shizunai-furukawachō
91,Junie,Ginn,jginn2i@google.es,Female,Novomichurinsk
92,Giordano,Jannings,gjannings2j@ebay.co.uk,Male,Baimangpu
93,Milzie,Heggadon,mheggadon2k@google.cn,Female,Ngancar
94,Eugene,Cuer,ecuer2l@t-online.de,Male,Nūsay
95,Alexi,Denys,adenys2m@go.com,Female,Eskilstuna
96,Damien,Copnar,dcopnar2n@hubpages.com,Male,Utsunomiya-shi
97,Nap,Gaye,ngaye2o@usnews.com,Male,Parigi
98,Nathanil,Mantz,nmantz2p@hibu.com,Male,Angasmarca
99,Elfreda,Pryer,epryer2q@people.com.cn,Female,København
100,Ginger,Cornborough,gcornborough2r@nytimes.com,Male,Hrazdan
101,Claybourne,Duffyn,cduffyn2s@nps.gov,Male,Miracema
102,Joachim,Lavery,jlavery2t@csmonitor.com,Male,Notsé
103,Pedro,Thorneley,pthorneley2u@ucoz.com,Male,Dū Qal‘ah
104,Sallie,Pecey,specey2v@ask.com,Female,Salinas
105,Emory,Bosche,ebosche2w@squidoo.com,Male,Cikembang
106,Shaylynn,Schoolfield,sschoolfield2x@hp.com,Female,Samouco
107,Aloisia,Haldene,ahaldene2y@comsenz.com,Female,Caigangan
108,Pat,Dat,pdat2z@qq.com,Female,Bogorodsk
109,Jeniffer,Abrahamsohn,jabrahamsohn30@mit.edu,Female,Sawahan
110,Deeyn,Kleinhaus,dkleinhaus31@reddit.com,Female,Rudolfov
111,Joycelin,Zaniolini,jzaniolini32@studiopress.com,Female,Tabaquite
112,Dorolice,Heardman,dheardman33@europa.eu,Female,Uromi
113,Remus,Propper,rpropper34@zimbio.com,Male,Zhenqian
114,Jamal,Chudleigh,jchudleigh35@imageshack.us,Male,Pochinok
115,Justin,Elflain,jelflain36@yelp.com,Male,Plužine
116,Appolonia,Eary,aeary37@xing.com,Female,Kawangu Satu
117,Henryetta,Colmer,hcolmer38@msn.com,Female,Fergana
118,Kassia,Hands,khands39@aol.com,Female,Mocho
119,Elysia,Gooderridge,egooderridge3a@nytimes.com,Female,Awjilah
120,Bradford,Nottram,bnottram3b@dot.gov,Male,Lebak
121,Cynthea,Ramme,cramme3c@soup.io,Female,Faya-Largeau
122,Emmaline,Josef,ejosef3d@wix.com,Female,Candelaria
123,Wallie,Malia,wmalia3e@csmonitor.com,Male,Hongguang
124,Eadie,Galfour,egalfour3f@archive.org,Female,Barra do Bugres
125,Ned,Harvatt,nharvatt3g@ebay.co.uk,Male,Ziroudani
126,Hillel,Bizzey,hbizzey3h@yahoo.com,Male,Georgīevka
127,Early,Florence,eflorence3i@cbsnews.com,Male,Puerto Galera
128,Forster,Beak,fbeak3j@merriam-webster.com,Male,Taozhuang
129,Bevin,Treace,btreace3k@networksolutions.com,Male,Nijmegen
130,Angel,Henker,ahenker3l@dyndns.org,Female,Borås
131,Belia,Drewry,bdrewry3m@europa.eu,Female,Rauma
132,Eamon,Doud,edoud3n@illinois.edu,Male,Dangjiaxian
133,Celie,Proud,cproud3o@timesonline.co.uk,Female,Ajaccio
134,Editha,Grahlman,egrahlman3p@artisteer.com,Female,Alto del Espino
135,Vicki,Elies,velies3q@shop-pro.jp,Female,Puerto Boyacá
136,Magdalene,Raysdale,mraysdale3r@wordpress.com,Female,Mochumí
137,Gawain,Dicken,gdicken3s@goodreads.com,Male,Beaufort
138,Jeanette,Overal,joveral3t@umn.edu,Female,El Alto
139,Charisse,Manhare,cmanhare3u@answers.com,Female,Goulmima
140,Marjory,Pomfrey,mpomfrey3v@hugedomains.com,Female,Dembeni
141,Benedict,Marmon,bmarmon3w@homestead.com,Male,Xiaocun
142,Adorne,Callen,acallen3x@fastcompany.com,Female,Clarines
143,Dex,Bilney,dbilney3y@dion.ne.jp,Male,San Antonio
144,Meaghan,Schubuser,mschubuser3z@globo.com,Female,Hluhluwe
145,Salomon,Sadler,ssadler40@cbsnews.com,Male,Portão
146,Arvy,Keune,akeune41@upenn.edu,Male,Jönköping
147,Burt,Newby,bnewby42@census.gov,Male,Babice
148,Helenka,Stanex,hstanex43@washington.edu,Female,Igarra
149,Meir,Janczyk,mjanczyk44@facebook.com,Male,Bontang
150,Flint,O'Hartigan,fohartigan45@cyberchimps.com,Male,Huangzhuang
151,Hetty,Vesty,hvesty46@businessinsider.com,Female,La Jicaral
152,Gaylene,Harnor,gharnor47@arstechnica.com,Female,Falefa
153,Jodie,Foulsham,jfoulsham48@creativecommons.org,Male,Jinchuan
154,Humfrid,Stait,hstait49@soundcloud.com,Male,Babakandesa
155,Lory,Vidineev,lvidineev4a@w3.org,Female,Ilebo
156,Carina,Will,cwill4b@behance.net,Female,Postira
157,Trudie,Springell,tspringell4c@google.de,Female,Teresina
158,Dov,Snowsill,dsnowsill4d@desdev.cn,Male,Mawlaik
159,Gilly,Ferguson,gferguson4e@sitemeter.com,Female,Aniso
160,Olin,Eburne,oeburne4f@dyndns.org,Male,Zhongcheng
161,Josie,Haythorn,jhaythorn4g@umich.edu,Female,San Andrés
162,Emelda,Magovern,emagovern4h@homestead.com,Female,Evijärvi
163,Samantha,Davidavidovics,sdavidavidovics4i@yolasite.com,Female,Peristerá
164,Eadith,Henstone,ehenstone4j@theguardian.com,Female,Åby
165,Kelsy,Scrimgeour,kscrimgeour4k@yahoo.com,Female,Tangjian
166,Judah,Ripley,jripley4l@unblog.fr,Male,São Bento
167,Matthiew,Lesper,mlesper4m@elpais.com,Male,Dailekh
168,Saundra,Torr,storr4n@huffingtonpost.com,Female,Doubravice nad Svitavou
169,Larina,Nannini,lnannini4o@opera.com,Female,Bangilan
170,Deck,Cinavas,dcinavas4p@japanpost.jp,Male,Usol’ye
171,Eli,Pechold,epechold4q@springer.com,Male,Pucyura
172,Gale,Uden,guden4r@odnoklassniki.ru,Male,Ngawen
173,Sutherland,Tammadge,stammadge4s@irs.gov,Male,Tetaf
174,Curr,Castelli,ccastelli4t@pbs.org,Male,Mbanza Congo
175,Frants,De Brett,fdebrett4u@plala.or.jp,Male,Vrakháti
176,Fredra,Toon,ftoon4v@unicef.org,Female,Santa Fe
177,Flori,McGarvey,fmcgarvey4w@yale.edu,Female,Wailang
178,Austine,Elleray,aelleray4x@smugmug.com,Female,Kuala Lumpur
179,Sheeree,Arlt,sarlt4y@biglobe.ne.jp,Female,Fareydūnshahr
180,Derrick,Beavon,dbeavon4z@trellian.com,Male,Citeguh
181,Adele,Beedie,abeedie50@umn.edu,Female,Sumberpinang Satu
182,Melloney,Tyce,mtyce51@geocities.jp,Female,Zhaoxiang
183,Amelita,Langrish,alangrish52@ftc.gov,Female,Kidatu
184,Keri,Moorfield,kmoorfield53@nydailynews.com,Female,Foz Giraldo
185,Dickie,Pashan,dpashan54@cdbaby.com,Male,Junqueiro
186,Clarabelle,Ramsby,cramsby55@statcounter.com,Female,Blumenau
187,Lynnea,Uff,luff56@twitter.com,Female,Beijiang
188,Rodrique,Kiggel,rkiggel57@google.com.hk,Male,Cobre
189,Natassia,Cradey,ncradey58@t-online.de,Female,Nazyvayevsk
190,Ignacius,Govenlock,igovenlock59@exblog.jp,Male,Panórama
191,Muffin,Grattage,mgrattage5a@usa.gov,Male,Södertälje
192,Barn,Eginton,beginton5b@shareasale.com,Male,Thị Trấn Lâm
193,Ashlen,Weiner,aweiner5c@last.fm,Female,Hengshi
194,Dmitri,Polino,dpolino5d@utexas.edu,Male,Tuojiang
195,Scott,Forward,sforward5e@scribd.com,Male,Ḩalabjah
196,Hyacinth,Petrina,hpetrina5f@myspace.com,Female,Jagistay
197,Grace,MacTimpany,gmactimpany5g@aboutads.info,Male,'Ali Sabieh
198,Yves,Elton,yelton5h@is.gd,Male,Palanas
199,Mitchael,Brackpool,mbrackpool5i@about.com,Male,Takahata
200,Archy,Gornar,agornar5j@umich.edu,Male,Hetou
201,Ricoriki,Minshull,rminshull5k@ucsd.edu,Male,Pamyat’ Parizhskoy Kommuny
202,Tildie,Isgar,tisgar5l@npr.org,Female,Zaječí
203,Theodor,Croad,tcroad5m@google.co.jp,Male,Katur
204,Cosmo,Bushrod,cbushrod5n@imgur.com,Male,Wringinsari
205,Tricia,Borzoni,tborzoni5o@dell.com,Female,Maués
206,Agneta,Rumble,arumble5p@buzzfeed.com,Female,Tomado
207,Lebbie,Carnew,lcarnew5q@etsy.com,Female,Eckerö
208,Zebulen,Knapman,zknapman5r@va.gov,Male,Tiền Hải
209,Dionne,Rowan,drowan5s@yahoo.com,Female,Serzedo
210,Wynny,McGregor,wmcgregor5t@house.gov,Female,Sansanné-Mango
211,Haydon,Ellen,hellen5u@intel.com,Male,Baiyang
212,Alphard,Drysdale,adrysdale5v@prnewswire.com,Male,Abricots
213,Tawsha,Orsay,torsay5w@technorati.com,Female,Atlanta
214,Alvinia,Terney,aterney5x@apache.org,Female,Ettelbruck
215,Nellie,Simmell,nsimmell5y@1und1.de,Female,Ḩawallī
216,Cherie,Sheering,csheering5z@tinypic.com,Female,Volodars’k-Volyns’kyy
217,Arny,Shergill,ashergill60@google.com.au,Male,Maurisu
218,Lonnard,Kennon,lkennon61@shinystat.com,Male,Lagoa Vermelha
219,Coleman,Bernaciak,cbernaciak62@sun.com,Male,Weton
220,Angel,Thurlbeck,athurlbeck63@goo.ne.jp,Female,Jembangan
221,Kellia,Ailmer,kailmer64@wiley.com,Female,Yongfeng
222,Conroy,Manderson,cmanderson65@liveinternet.ru,Male,Nizhniye Vyazovyye
223,Norrie,Parlour,nparlour66@guardian.co.uk,Female,Sariwŏn
224,Carlynne,Lafflina,clafflina67@hexun.com,Female,Acharnés
225,Kimberlyn,Kelston,kkelston68@example.com,Female,Desa Kertasari
226,Lena,Blackbrough,lblackbrough69@berkeley.edu,Female,Aginskoye
227,Gawen,Acklands,gacklands6a@infoseek.co.jp,Male,Pashiya
228,Erie,Ormiston,eormiston6b@youtu.be,Male,Changtian
229,Mack,Beswetherick,mbeswetherick6c@thetimes.co.uk,Male,Huixian Chengguanzhen
230,Pet,Cridlin,pcridlin6d@google.ca,Female,Jianxi
231,Angelique,Sandercock,asandercock6e@toplist.cz,Female,Yujiao
232,Chickie,Joan,cjoan6f@aol.com,Female,Sanjia
233,Ulrick,Cowern,ucowern6g@printfriendly.com,Male,Carice
234,Carmella,McElroy,cmcelroy6h@europa.eu,Female,Shuren
235,Herold,Sambell,hsambell6i@smugmug.com,Male,Huashu
236,Raffaello,Sancraft,rsancraft6j@alexa.com,Male,Lyon
237,Glennie,Colliber,gcolliber6k@over-blog.com,Female,Cao Thượng
238,Alphonso,Tremlett,atremlett6l@wix.com,Male,Chaves
239,Kippie,Sivill,ksivill6m@goodreads.com,Female,Dolní Bojanovice
240,Humfried,Pilbeam,hpilbeam6n@tmall.com,Male,Sungayang
241,Albertine,Whitmell,awhitmell6o@meetup.com,Female,Victoria
242,Keely,Haydney,khaydney6p@biglobe.ne.jp,Female,Geputan
243,Darby,Hares,dhares6q@csmonitor.com,Female,Chanuman
244,Fiorenze,Blamey,fblamey6r@ow.ly,Female,Longfeng
245,Andras,Ohrt,aohrt6s@skyrock.com,Male,La Paz
246,Archer,Vedeshkin,avedeshkin6t@epa.gov,Male,Aleg
247,Gabey,Eatttok,geatttok6u@jigsy.com,Female,Itaqui
248,Deena,Seegar,dseegar6v@hatena.ne.jp,Female,Carcar
249,Harmony,Kenningham,hkenningham6w@hexun.com,Female,Hongshanyao
250,Budd,Southerns,bsoutherns6x@mapy.cz,Male,Yangqing
251,Bethina,Tettersell,btettersell6y@tinyurl.com,Female,Sennoy
252,Lyssa,Petersen,lpetersen6z@desdev.cn,Female,Maqiu
253,Seka,O'Glessane,soglessane70@google.ca,Female,San Ignacio
254,Katrina,Bolduc,kbolduc71@symantec.com,Female,Ust’-Kachka
255,Berti,Selburn,bselburn72@delicious.com,Female,Bazha
256,Thomasine,Polle,tpolle73@sina.com.cn,Female,Drochia
257,Rodolphe,Clough,rclough74@de.vu,Male,Izvestkovyy
258,Lewie,Putley,lputley75@about.com,Male,Ozorków
259,Kaia,Swinden,kswinden76@harvard.edu,Female,Petäjävesi
260,Cahra,Schober,cschober77@fastcompany.com,Female,Starý Bohumín
261,Sophie,Virgoe,svirgoe78@blinklist.com,Female,Malangwa
262,Bronnie,Janku,bjanku79@hugedomains.com,Male,Venado Tuerto
263,Ringo,Harness,rharness7a@sciencedaily.com,Male,Linköping
264,Dell,Grigoletti,dgrigoletti7b@odnoklassniki.ru,Male,Talaibon
265,Chrysa,Ramsden,cramsden7c@bloglines.com,Female,Keruguya
266,Gerard,Peniman,gpeniman7d@woothemes.com,Male,Alibago
267,Junina,Westmacott,jwestmacott7e@uiuc.edu,Female,Krajan Sidodadi
268,Tiphani,Bondy,tbondy7f@delicious.com,Female,Doibang
269,Corrie,Buffin,cbuffin7g@hatena.ne.jp,Female,Gabrovo
270,Woodrow,Blunsden,wblunsden7h@domainmarket.com,Male,Hongqiao
271,Vidovic,Fender,vfender7i@indiatimes.com,Male,San Cristobal
272,Emmalyn,Trudgion,etrudgion7j@google.co.uk,Female,Huangxi
273,Idelle,Hens,ihens7k@kickstarter.com,Female,Sai’erlong Xiang
274,Kingsley,Rocco,krocco7l@ted.com,Male,Sępólno Krajeńskie
275,Lars,O' Cuolahan,locuolahan7m@tripod.com,Male,Liuhe
276,Donnell,Jerrams,djerrams7n@mysql.com,Male,Algarrobo
277,Ashia,Grimwade,agrimwade7o@storify.com,Female,Were Īlu
278,Ricardo,Marchenko,rmarchenko7p@taobao.com,Male,Dalupirip
279,Mattias,Pretsell,mpretsell7q@wix.com,Male,San Luis del Palmar
280,Colas,Moxted,cmoxted7r@csmonitor.com,Male,Nakhabino
281,Spike,Mace,smace7s@weibo.com,Male,Krasnoye
282,Merrill,Thomas,mthomas7t@virginia.edu,Male,Trzebnica
283,Karyn,Pendrey,kpendrey7u@yolasite.com,Female,Santa Catalina
284,Kelley,Mc Meekan,kmcmeekan7v@dot.gov,Male,Xiaolong
285,Gina,Beeswing,gbeeswing7w@patch.com,Female,Scottsdale
286,Eben,Pattingson,epattingson7x@home.pl,Male,Jadowniki
287,Tory,Aldersley,taldersley7y@purevolume.com,Female,Tabatinga
288,Rad,Jirsa,rjirsa7z@angelfire.com,Male,Coronel Vivida
289,Rosaline,Oakey,roakey80@pcworld.com,Female,Ulimonong
290,Etty,Axtonne,eaxtonne81@youku.com,Female,Mons
291,Loralyn,Burdas,lburdas82@elpais.com,Female,Xintian
292,Chick,Beakes,cbeakes83@adobe.com,Male,Mlonggo
293,Druci,Burden,dburden84@youtube.com,Female,Zaragoza
294,Ondrea,Blasiak,oblasiak85@msn.com,Female,Ilangay
295,Elsy,Scrimshaw,escrimshaw86@google.cn,Female,Rawasan
296,Rafi,Meah,rmeah87@engadget.com,Male,Novomoskovsk
297,Pate,Goldsbury,pgoldsbury88@chron.com,Male,Chimbote
298,Humbert,Trunks,htrunks89@wiley.com,Male,Hallsberg
299,Riane,Elias,relias8a@vkontakte.ru,Female,Braunschweig
300,Cris,Bittlestone,cbittlestone8b@biglobe.ne.jp,Male,Luebo
301,Jourdan,Mooney,jmooney8c@mac.com,Female,Las Varas
302,Karel,Lyal,klyal8d@barnesandnoble.com,Male,Sobreiro
303,Ingeberg,Camelia,icamelia8e@phpbb.com,Female,Xianglong
304,Win,Willgrass,wwillgrass8f@spotify.com,Male,Ciomas
305,Kingsly,Lockner,klockner8g@seesaa.net,Male,Halimpu
306,Ryon,Oxe,roxe8h@issuu.com,Male,Dahu
307,Christina,Malenfant,cmalenfant8i@constantcontact.com,Female,Yangmadao
308,Charissa,Strippling,cstrippling8j@imageshack.us,Female,Fort Smith
309,Bellina,Routh,brouth8k@phoca.cz,Female,Kudahuvadhoo
310,Karon,Millyard,kmillyard8l@nyu.edu,Female,Siay
311,Perla,Rodenburgh,prodenburgh8m@huffingtonpost.com,Female,Sarmīn
312,Mack,Worthington,mworthington8n@yellowbook.com,Male,Paços
313,Christalle,Bellward,cbellward8o@cocolog-nifty.com,Female,Zhongtang
314,Trumaine,Workes,tworkes8p@hubpages.com,Male,Obršani
315,Engracia,Saulter,esaulter8q@a8.net,Female,Bancal
316,Ezmeralda,Glover,eglover8r@tumblr.com,Female,Maués
317,Alanson,Balding,abalding8s@house.gov,Male,Matou
318,Odette,Nyland,onyland8t@hao123.com,Female,Situ
319,Benjy,Robertis,brobertis8u@reuters.com,Male,Sangmélima
320,Dionne,MacConchie,dmacconchie8v@paginegialle.it,Female,Villa Nueva
321,Cleavland,Fellowes,cfellowes8w@pcworld.com,Male,Qitan
322,Raye,Collabine,rcollabine8x@phoca.cz,Female,Hošťka
323,Kellyann,Saward,ksaward8y@samsung.com,Female,Miandrivazo
324,Hieronymus,Wylam,hwylam8z@epa.gov,Male,Yekimovichi
325,Addy,McErlaine,amcerlaine90@aboutads.info,Female,Wanga
326,Winny,Gladdish,wgladdish91@bandcamp.com,Female,Buenavista
327,Ingelbert,Brown,ibrown92@netlog.com,Male,Longmenfan
328,Francois,Breissan,fbreissan93@addtoany.com,Male,Abuja
329,Eziechiele,Dand,edand94@washingtonpost.com,Male,Marialva
330,Emylee,Dudbridge,edudbridge95@desdev.cn,Female,Tanda
331,Ara,Worvill,aworvill96@uol.com.br,Male,Kysyl-Syr
332,Gwenore,Kilty,gkilty97@macromedia.com,Female,Bollène
333,Gerek,Vescovo,gvescovo98@mapy.cz,Male,Manevychi
334,Zeke,Barefoot,zbarefoot99@mlb.com,Male,Saint-Maixent-l'École
335,Taylor,Machan,tmachan9a@blogs.com,Male,Manosque
336,Ashely,Studman,astudman9b@newsvine.com,Female,Butwāl
337,Marcella,Harfoot,mharfoot9c@reddit.com,Female,Évosmos
338,Maryjane,Fulloway,mfulloway9d@businesswire.com,Female,Amangarh
339,Delcine,Guilloux,dguilloux9e@hugedomains.com,Female,Būrewāla
340,Ezmeralda,Redhills,eredhills9f@goo.gl,Female,Nice
341,Nevil,Stelle,nstelle9g@paginegialle.it,Male,Dalsjöfors
342,Barbra,Tegeller,btegeller9h@vk.com,Female,Marquard
343,Micky,Lydiatt,mlydiatt9i@prweb.com,Male,Kidal
344,Dolli,Crowden,dcrowden9j@oracle.com,Female,Vřesina
345,Doyle,Surby,dsurby9k@wordpress.com,Male,Sundsvall
346,Osborne,Hansberry,ohansberry9l@marriott.com,Male,Łobżenica
347,Danni,Cuming,dcuming9m@woothemes.com,Female,Ŭiju
348,Jessie,Matokhnin,jmatokhnin9n@shareasale.com,Male,Montemor-o-Velho
349,Peyter,Marklin,pmarklin9o@yahoo.co.jp,Male,São Jerônimo
350,Eugenie,Dearing,edearing9p@exblog.jp,Female,Fort Smith
351,Salvidor,Burge,sburge9q@icq.com,Male,Dayr Abū Ḑa‘īf
352,Trix,Olivia,tolivia9r@livejournal.com,Female,Hoit Taria
353,Marcella,Shaddock,mshaddock9s@usgs.gov,Female,Roxas
354,Erma,Baumer,ebaumer9t@netscape.com,Female,Pedome
355,Sibyl,Gumby,sgumby9u@ucoz.ru,Male,Wanga
356,Dee,Coley,dcoley9v@webeden.co.uk,Female,Laventure
357,Terri-jo,Prewer,tprewer9w@scribd.com,Female,Rungkam
358,Rupert,Jochanany,rjochanany9x@rambler.ru,Male,Lagayan
359,Charline,Joriot,cjoriot9y@nasa.gov,Female,‘Irbīn
360,Abran,Garken,agarken9z@nationalgeographic.com,Male,Viesīte
361,Casandra,Blues,cbluesa0@utexas.edu,Female,Khiliomódhi
362,Innis,Dabes,idabesa1@aol.com,Male,Phong Điền
363,Jule,Cantor,jcantora2@tumblr.com,Male,Vista Hermosa
364,Paolina,Marr,pmarra3@nifty.com,Female,Quixeramobim
365,Shepperd,Steadman,ssteadmana4@prlog.org,Male,Géfyra
366,Mickey,Scolding,mscoldinga5@creativecommons.org,Male,Bromma
367,Freedman,Clixby,fclixbya6@admin.ch,Male,Tyresö
368,Ahmed,Hallitt,ahallitta7@photobucket.com,Male,Cikabuyutan Barat
369,Romonda,Farahar,rfarahara8@wikispaces.com,Female,Sâmraông
370,Melantha,Cours,mcoursa9@squarespace.com,Female,Shangma
371,Rosemary,Murby,rmurbyaa@netlog.com,Female,Paty do Alferes
372,Sauncho,Lasselle,slasselleab@flavors.me,Male,Jiangna
373,Nappy,Thomason,nthomasonac@godaddy.com,Male,Askim
374,Julie,Burnyeat,jburnyeatad@weibo.com,Female,Bangunsari
375,Tiphani,Dobney,tdobneyae@biglobe.ne.jp,Female,Laborie
376,Ian,Lefridge,ilefridgeaf@zimbio.com,Male,Pemberton
377,Ambur,Feldmark,afeldmarkag@sourceforge.net,Female,Hà Tĩnh
378,Matilda,Rappoport,mrappoportah@domainmarket.com,Female,Dresden
379,Wilma,Holliar,wholliarai@apache.org,Female,San Francisco
380,Marissa,Imison,mimisonaj@dyndns.org,Female,Entre Rios
381,Andrej,Addeycott,aaddeycottak@dailymail.co.uk,Male,Nyurba
382,Veradis,Rigmond,vrigmondal@mapquest.com,Female,Myhiya
383,Ulrick,Skelding,uskeldingam@foxnews.com,Male,Massaranduba
384,Tammi,Stratley,tstratleyan@google.ca,Female,Soroti
385,Sterne,Hyndson,shyndsonao@theatlantic.com,Male,Karuri
386,Chrystal,Roller,crollerap@tripadvisor.com,Female,Mawlamyinegyunn
387,Lucien,Rookwell,lrookwellaq@elpais.com,Male,Gensi
388,Clementius,Scrimshire,cscrimshirear@apple.com,Male,Hengdian
389,Stephanus,Reolfo,sreolfoas@prnewswire.com,Male,Carrigtwohill
390,Leda,De Winton,ldewintonat@comsenz.com,Female,Haukivuori
391,Geno,Buckell,gbuckellau@columbia.edu,Male,Tennō
392,Mamie,Cawkwell,mcawkwellav@bizjournals.com,Female,Zhenchuan
393,Robina,Thurby,rthurbyaw@hibu.com,Female,Redcliff
394,Sergeant,Astin,sastinax@wiley.com,Male,Bulacan
395,Inger,Blethin,iblethinay@artisteer.com,Male,Vidzy
396,Hamlin,Start,hstartaz@surveymonkey.com,Male,K’ulashi
397,Clarice,Diggles,cdigglesb0@cam.ac.uk,Female,Shalazhi
398,Sky,Bearham,sbearhamb1@tinyurl.com,Male,Chitungwiza
399,Cletis,Fayerman,cfayermanb2@shareasale.com,Male,Hedong
400,Briant,Sherland,bsherlandb3@github.com,Male,Oslo
401,Ileane,Jeste,ijesteb4@engadget.com,Female,Tetovo
402,Gareth,Gundrey,ggundreyb5@loc.gov,Male,Xinxing
403,Holly-anne,Wasbrough,hwasbroughb6@dell.com,Female,Dobra
404,Tammie,Whiteoak,twhiteoakb7@typepad.com,Male,Tangwu
405,Alvie,Janoch,ajanochb8@abc.net.au,Male,Seynod
406,Cassandra,McQuillin,cmcquillinb9@last.fm,Female,Novoorsk
407,Archambault,Levee,aleveeba@posterous.com,Male,Cimitarra
408,Cesya,Goodere,cgooderebb@youtu.be,Female,Fernandópolis
409,Menard,Perigo,mperigobc@yelp.com,Male,El Quetzal
410,Lilith,Bullimore,lbullimorebd@twitter.com,Female,Karobokan
411,Pammy,Goshawke,pgoshawkebe@ifeng.com,Female,Văn Giang
412,Giffer,Tillman,gtillmanbf@edublogs.org,Male,Itaúna
413,Mickie,Goodale,mgoodalebg@yellowpages.com,Male,Suvorov
414,Leonanie,Haylett,lhaylettbh@cbc.ca,Female,Socorro
415,Jeffy,Merrigan,jmerriganbi@imgur.com,Male,Thị Trấn Tà Lùng
416,Cirstoforo,Geaveny,cgeavenybj@g.co,Male,Tha Uthen
417,Gerri,Pulver,gpulverbk@comsenz.com,Male,Slobodskoy
418,Ernestine,Glason,eglasonbl@wisc.edu,Female,Yeni Suraxanı
419,Ninette,Szymanowicz,nszymanowiczbm@pen.io,Female,Moncada
420,Beatrice,Brahams,bbrahamsbn@i2i.jp,Female,Tha Mai
421,Leilah,Ellingham,lellinghambo@tripadvisor.com,Female,Tajao
422,Ilysa,Finlow,ifinlowbp@ebay.com,Female,Yessentukskaya
423,Wainwright,Kiddell,wkiddellbq@who.int,Male,Şafāshahr
424,Darcie,Dugget,dduggetbr@miitbeian.gov.cn,Female,Novoul’yanovsk
425,Eleanora,Bellchamber,ebellchamberbs@globo.com,Female,Santiago
426,Lyman,Dincey,ldinceybt@sitemeter.com,Male,Stavanger
427,Ysabel,Sanzio,ysanziobu@cisco.com,Female,Velyki Sorochyntsi
428,Wallie,Conwell,wconwellbv@t.co,Female,Gorskaya
429,Shurlocke,St. John,sstjohnbw@reddit.com,Male,Kotakaya Dua
430,Wendye,Atcock,watcockbx@psu.edu,Female,Dayong
431,Loren,Feldmann,lfeldmannby@biglobe.ne.jp,Male,Thị Trấn Hát Lót
432,Valene,Roche,vrochebz@utexas.edu,Female,Tinampo
433,Willey,Jindrak,wjindrakc0@huffingtonpost.com,Male,Skidal’
434,Clarinda,Hugonet,chugonetc1@oaic.gov.au,Female,Zhujiapu
435,Delinda,Ketch,dketchc2@yellowpages.com,Female,Busia
436,Cherri,Heinz,cheinzc3@tamu.edu,Female,Pueblo Nuevo
437,Earle,Vinker,evinkerc4@flickr.com,Male,Francistown
438,Jedd,MacDaid,jmacdaidc5@msn.com,Male,Zhangtan
439,Amos,Agar,aagarc6@51.la,Male,Ruzayevka
440,Melessa,Buglass,mbuglassc7@omniture.com,Female,Temeke
441,Mayor,Lumm,mlummc8@cam.ac.uk,Male,Maubeuge
442,Rick,Troup,rtroupc9@bloglines.com,Male,Lũng Hồ
443,Goldi,Delafont,gdelafontca@etsy.com,Female,Toledo
444,Farrel,Souley,fsouleycb@people.com.cn,Male,Maodian
445,Brittni,MacKeever,bmackeevercc@blogs.com,Female,Tegalrejo
446,Guinevere,Heading,gheadingcd@i2i.jp,Female,Tsybulevka
447,Edgardo,Zieme,eziemece@yolasite.com,Male,Zhaiwu
448,Darwin,Volant,dvolantcf@people.com.cn,Male,Samobor
449,Ev,Valti,evalticg@cpanel.net,Male,Alagoinhas
450,Minette,Margery,mmargerych@bandcamp.com,Female,Tubod
451,Burtie,Hammell,bhammellci@princeton.edu,Male,Picton
452,Vale,Stainburn,vstainburncj@jimdo.com,Male,Danxia
453,Feliza,Playford,fplayfordck@guardian.co.uk,Female,Binuangeun
454,Pierre,Skelington,pskelingtoncl@wisc.edu,Male,Taguisa
455,Pryce,Kivits,pkivitscm@bloglines.com,Male,Kumanovo
456,Farlee,Vigurs,fvigurscn@noaa.gov,Male,Pataypampa
457,Zaria,Giacobelli,zgiacobellico@state.tx.us,Female,Doruchów
458,Ganny,Rutter,gruttercp@hugedomains.com,Male,Dalu
459,Hoebart,Pheasey,hpheaseycq@live.com,Male,Badagry
460,Mitch,Clowsley,mclowsleycr@cnn.com,Male,Lanci Satu
461,Hayes,Liley,hlileycs@weibo.com,Male,Suru
462,Thatch,Cockley,tcockleyct@vk.com,Male,San Ramón
463,Devon,Cawcutt,dcawcuttcu@mac.com,Female,Mohale’s Hoek
464,Wilfred,Zecchini,wzecchinicv@jugem.jp,Male,Dokshytsy
465,Wynn,Halgarth,whalgarthcw@ftc.gov,Male,Fonte Boa
466,Nero,Halley,nhalleycx@dagondesign.com,Male,Montpellier
467,Adria,Shacklady,ashackladycy@hibu.com,Female,Hayange
468,Sheff,Linay,slinaycz@printfriendly.com,Male,Kyra
469,Bentley,Haddleton,bhaddletond0@accuweather.com,Male,Jiaxian Chengguanzhen
470,Terri,Riolfo,triolfod1@cbsnews.com,Female,Jialu
471,Saw,McCaughren,smccaughrend2@tripadvisor.com,Male,Hidalgo
472,Koressa,Purkins,kpurkinsd3@howstuffworks.com,Female,Yuncheng
473,Jerald,Napthine,jnapthined4@paginegialle.it,Male,Cintra
474,Betsy,Gianelli,bgianellid5@friendfeed.com,Female,Brčko
475,Humphrey,Grint,hgrintd6@a8.net,Male,Pirot
476,Wally,Truin,wtruind7@squarespace.com,Female,Borovan
477,Mikkel,O'Hingerty,mohingertyd8@vkontakte.ru,Male,Jindou
478,Sara,Steenson,ssteensond9@vistaprint.com,Female,Papër
479,Kile,Salvati,ksalvatida@toplist.cz,Male,Danyang
480,Hinze,Hurdwell,hhurdwelldb@nytimes.com,Male,Châtillon
481,Kinsley,Bunston,kbunstondc@blogs.com,Male,Vale de Rolas
482,Reginald,Humes,rhumesdd@diigo.com,Male,Göteborg
483,Johnnie,Sanz,jsanzde@cnn.com,Male,Lidköping
484,Obadias,Mannock,omannockdf@chicagotribune.com,Male,Minle
485,Lind,Richford,lrichforddg@godaddy.com,Female,Port-Vila
486,Susie,Basilio,sbasiliodh@tmall.com,Female,Shah Alam
487,Theobald,Becke,tbeckedi@bbb.org,Male,El Retiro
488,Page,Arrighi,parrighidj@google.pl,Female,Vília
489,Gerty,Dowey,gdoweydk@newyorker.com,Female,Lennec
490,Vincent,Baker,vbakerdl@nba.com,Male,Tirat Karmel
491,Lucho,Dunbobbin,ldunbobbindm@diigo.com,Male,Liuzikou
492,Margette,Lethardy,mlethardydn@aboutads.info,Female,Fengtai Chengguanzhen
493,Lisle,Bohan,lbohando@gnu.org,Male,Dvorichna
494,Temp,Apfler,tapflerdp@phpbb.com,Male,Duantan
495,Yancy,Pray,ypraydq@huffingtonpost.com,Male,Novo-Peredelkino
496,Megan,Kabos,mkabosdr@desdev.cn,Female,Washington
497,Bancroft,Avraam,bavraamds@cisco.com,Male,Ciudad Barrios
498,Brandy,Kopec,bkopecdt@un.org,Male,Gangjia
499,Anett,Dallander,adallanderdu@businessweek.com,Female,Igpit
500,Travis,Ambrodi,tambrodidv@unesco.org,Male,Pisão
501,Ragnar,Abrey,rabreydw@addtoany.com,Male,Sumberkenanga
502,Esdras,Cana,ecanadx@51.la,Male,Sewon
503,Shelton,Iddiens,siddiensdy@nifty.com,Male,Sidamulya Satu
504,Banky,Allard,ballarddz@oakley.com,Male,Efeng
505,Lian,Loney,lloneye0@squarespace.com,Female,Bruxelles
506,Hana,Beebe,hbeebee1@admin.ch,Female,Opatówek
507,Derrick,Halburton,dhalburtone2@google.com.hk,Male,Bình Thủy
508,Julissa,Skillanders,jskillanderse3@amazon.co.uk,Female,Xiongzhou
509,Dorry,Boost,dbooste4@trellian.com,Female,Lindavista
510,Erhart,MacKill,emackille5@mac.com,Male,Florestópolis
511,Burty,Grube,bgrubee6@cnn.com,Male,Wa
512,Rinaldo,Jacmar,rjacmare7@trellian.com,Male,Kerva
513,Gisella,Kesten,gkestene8@wordpress.com,Female,Norrköping
514,Barnaby,Castiglio,bcastiglioe9@earthlink.net,Male,Kodyma
515,Kayle,Glave,kglaveea@usnews.com,Female,Polanica-Zdrój
516,Marji,Hyland,mhylandeb@sun.com,Female,Peyima
517,Chad,McKibbin,cmckibbinec@wsj.com,Female,Tangwu
518,Silvain,Gaynes,sgaynesed@oakley.com,Male,København
519,Donnie,Rosendall,drosendallee@bloglovin.com,Male,Awilega
520,Scot,Maisey,smaiseyef@reverbnation.com,Male,Pangao
521,Mark,Dunk,mdunkeg@printfriendly.com,Male,Falun
522,Sybilla,Tunuy,stunuyeh@alibaba.com,Female,Gereneng
523,Hardy,Daw,hdawei@so-net.ne.jp,Male,Quintães
524,Sonny,Chesnut,schesnutej@4shared.com,Female,Rio Real
525,Earvin,Creavin,ecreavinek@sun.com,Male,Kyzyl-Burun
526,Francine,Ranscome,franscomeel@csmonitor.com,Female,Sungai Nyamuk
527,Debra,Oby,dobyem@pen.io,Female,Saint Catherine
528,Lorens,Baudone,lbaudoneen@foxnews.com,Male,Mrozy
529,Elly,Cathel,ecatheleo@hud.gov,Female,Manila
530,Lorant,Mathet,lmathetep@about.com,Male,Sakhipur
531,Danit,Byard,dbyardeq@about.com,Female,Ogawa
532,Dewie,Latek,dlateker@ucoz.ru,Male,Ořechov
533,Martelle,Conaghy,mconaghyes@people.com.cn,Female,Lizhai
534,Babbette,McInally,bmcinallyet@reddit.com,Female,Yallahs
535,Dudley,Amphlett,damphletteu@msn.com,Male,Akron
536,Lelah,Cordie,lcordieev@ebay.com,Female,Babakankalong
537,Hobard,Cardon,hcardonew@hexun.com,Male,Gò Dầu
538,Katheryn,Strute,kstruteex@icq.com,Female,Kiyawa
539,Valeria,Massel,vmasseley@bloomberg.com,Female,Bantogon
540,Alonso,Wassung,awassungez@hhs.gov,Male,Lunéville
541,Fanny,Assender,fassenderf0@tmall.com,Female,Holice
542,Emylee,Tredgold,etredgoldf1@mozilla.org,Female,Guicheng
543,Luce,Rodliff,lrodlifff2@sourceforge.net,Male,Xiema
544,Nikoletta,Messent,nmessentf3@who.int,Female,Spanish Wells
545,Darrel,Skirrow,dskirrowf4@ameblo.jp,Male,Cibinong Satu
546,Waldo,Moir,wmoirf5@printfriendly.com,Male,Petrodvorets
547,Felipa,Rothera,frotheraf6@yellowbook.com,Female,Kama
548,Diarmid,Sent,dsentf7@hc360.com,Male,Frisange
549,Lucas,Blaver,lblaverf8@nih.gov,Male,Tarnawatka
550,Grantham,Leyninye,gleyninyef9@harvard.edu,Male,Gus’-Khrustal’nyy
551,Amara,Kenwell,akenwellfa@histats.com,Female,Bafoussam
552,Drucie,Borrow,dborrowfb@sourceforge.net,Female,Krzeszów
553,Anetta,Pauluzzi,apauluzzifc@cmu.edu,Female,Jiaozhou
554,Isaac,MacNess,imacnessfd@youtube.com,Male,Ust’-Abakan
555,Carita,Dickerline,cdickerlinefe@google.co.jp,Female,Kabūdarāhang
556,Eldredge,Helliwell,ehelliwellff@blog.com,Male,Kalashnikovo
557,Ambrosius,Spensley,aspensleyfg@sina.com.cn,Male,Al Abyār
558,Chase,Shawley,cshawleyfh@yale.edu,Male,Otok
559,Amii,Whittuck,awhittuckfi@blogs.com,Female,Pandanrejokrajan
560,Noam,Feechan,nfeechanfj@umn.edu,Male,Eséka
561,Layney,Matysik,lmatysikfk@shop-pro.jp,Female,Doljo
562,Aurel,Gauld,agauldfl@shareasale.com,Female,Huchang
563,Morena,Berns,mbernsfm@disqus.com,Female,Kilifi
564,Murial,Dormand,mdormandfn@weibo.com,Female,Kachug
565,Elmo,Brounfield,ebrounfieldfo@sourceforge.net,Male,Студеничани
566,Noellyn,Fauning,nfauningfp@youtube.com,Female,Nueva Germania
567,Leanor,Duthie,lduthiefq@cmu.edu,Female,Amaraji
568,Sander,Zannuto,szannutofr@foxnews.com,Male,Huaqiao
569,Margot,McEllen,mmcellenfs@netscape.com,Female,Albion
570,Salmon,Urian,surianft@businesswire.com,Male,Doujia
571,Prentiss,Loney,ploneyfu@npr.org,Male,Rerawere
572,Charmian,Forryan,cforryanfv@usa.gov,Female,Sremčica
573,Mallory,Tower,mtowerfw@xing.com,Male,Mae Ramat
574,Prudi,Lillecrap,plillecrapfx@usa.gov,Female,Cartagena
575,Lance,Guyonnet,lguyonnetfy@seesaa.net,Male,Santa Maria
576,Coop,Pennyman,cpennymanfz@dagondesign.com,Male,Lebak Timur
577,Gamaliel,Badgers,gbadgersg0@istockphoto.com,Male,Gaopi
578,Ephraim,Stracey,estraceyg1@parallels.com,Male,Sukosari
579,Moishe,Novotne,mnovotneg2@java.com,Male,Hüremt
580,Serge,Bachs,sbachsg3@reverbnation.com,Male,Surin
581,Auria,Orum,aorumg4@alexa.com,Female,Maanĭt
582,Ardine,Lunt,aluntg5@51.la,Female,Lawesigalagala Timur
583,Frazer,Easun,feasung6@npr.org,Male,Kabo
584,Ara,Godlip,agodlipg7@cbslocal.com,Female,Tchamba
585,Bird,Faustin,bfausting8@ted.com,Female,Hangzhou
586,Nanine,Urlich,nurlichg9@yale.edu,Female,Cordova
587,Elberta,Trewhitt,etrewhittga@usgs.gov,Female,Oslo
588,Nissie,Rodman,nrodmangb@quantcast.com,Female,Messina
589,Ricard,Americi,ramericigc@chicagotribune.com,Male,Akune
590,Demetrius,Ivanusyev,divanusyevgd@geocities.jp,Male,Leme
591,Iseabal,Anderl,ianderlge@cloudflare.com,Female,Hodkovičky
592,Ilyse,Harbor,iharborgf@google.cn,Female,Wuqu
593,Loella,Rigglesford,lrigglesfordgg@google.pl,Female,Kombandaru
594,Fifine,Eustes,feustesgh@msn.com,Female,Rukem
595,Dannie,Caddock,dcaddockgi@weebly.com,Male,Carpentras
596,Victoria,Belle,vbellegj@bloglovin.com,Female,Tanakbeak Daye
597,Vannie,Hutchison,vhutchisongk@vk.com,Female,Las Yaras
598,Link,Cozins,lcozinsgl@mail.ru,Male,Zhangjiayuan
599,Jude,Dullingham,jdullinghamgm@weibo.com,Male,Mvuma
600,Kit,Collens,kcollensgn@last.fm,Male,Kozhanka
601,Alyosha,Caldaro,acaldarogo@bravesites.com,Male,Langzhong
602,Augusta,Duplan,aduplangp@techcrunch.com,Female,Makedonski Brod
603,Franklin,Franzettoini,ffranzettoinigq@techcrunch.com,Male,Impendle
604,Gabby,Yuryatin,gyuryatingr@dell.com,Male,Quintãs
605,Ceciley,Tingley,ctingleygs@bandcamp.com,Female,Whitwell
606,Nikkie,Yusupov,nyusupovgt@ycombinator.com,Female,Ban Muang
607,Jenifer,Ingold,jingoldgu@walmart.com,Female,Sukasetia
608,Arlen,Pletts,aplettsgv@yale.edu,Female,Knežica
609,Northrop,Chartman,nchartmangw@mail.ru,Male,Bourges
610,Vern,Tregido,vtregidogx@seesaa.net,Male,Belén de Escobar
611,Felisha,Monte,fmontegy@nsw.gov.au,Female,Foros do Trapo
612,Roshelle,Pearn,rpearngz@wordpress.com,Female,Jihlava
613,Joellen,Slott,jslotth0@pen.io,Female,Guwoterus
614,Christalle,Showte,cshowteh1@columbia.edu,Female,Sędziszów
615,Cherise,Shord,cshordh2@msu.edu,Female,Oliveira
616,Brittan,Skyppe,bskyppeh3@seattletimes.com,Female,Bulu
617,Denny,Iaduccelli,diaduccellih4@a8.net,Male,Três Rios
618,Bran,Goodrum,bgoodrumh5@sciencedirect.com,Male,Gowurdak
619,Hagan,Engley,hengleyh6@craigslist.org,Male,Matamey
620,Kerrin,Matlock,kmatlockh7@blogger.com,Female,Taivalkoski
621,Anny,Fendt,afendth8@google.de,Female,Puerto Ayacucho
622,Bondie,Trynor,btrynorh9@cisco.com,Male,Bitaogan
623,Hans,Duffie,hduffieha@jiathis.com,Male,Debrzno
624,Terrijo,Whye,twhyehb@arizona.edu,Female,Foxton
625,Frankie,Lugton,flugtonhc@mtv.com,Male,Tisma
626,Bernice,Matzaitis,bmatzaitishd@earthlink.net,Female,Humble
627,Blondy,Dunkerton,bdunkertonhe@sciencedirect.com,Female,Wangmeng
628,Gabriell,Brewer,gbrewerhf@opensource.org,Female,Jinqu
629,Hersch,Tuckwood,htuckwoodhg@uiuc.edu,Male,Xianlong
630,Camey,Aysh,cayshhh@independent.co.uk,Male,Tuxi
631,Horst,Duffett,hduffetthi@cam.ac.uk,Male,Muaratiga
632,Nathanael,De Freitas,ndefreitashj@time.com,Male,Gayam
633,Tobe,Osbiston,tosbistonhk@elpais.com,Female,Fort-de-France
634,Averyl,Ceschi,aceschihl@livejournal.com,Female,Sukasada
635,Oralee,Kurt,okurthm@ask.com,Female,Huozhuangzi
636,Bart,Tacon,btaconhn@state.tx.us,Male,Hengling
637,Ulrika,Scallan,uscallanho@yahoo.com,Female,Tartaro
638,Shaylah,Annand,sannandhp@google.com.hk,Female,Övertorneå
639,Barret,De la croix,bdelacroixhq@yahoo.com,Male,Matozinhos
640,Marne,Jenney,mjenneyhr@mysql.com,Female,Łęczyce
641,Benni,Shackleford,bshacklefordhs@woothemes.com,Female,Jatisari
642,Karoline,Noar,knoarht@state.gov,Female,Tríkeri
643,Lynde,McFayden,lmcfaydenhu@prlog.org,Female,Botigues
644,Daisey,Benardet,dbenardethv@nasa.gov,Female,Maluno Sur
645,Sylas,Alenichev,salenichevhw@comcast.net,Male,Caihe
646,Bartel,Stoffler,bstofflerhx@cisco.com,Male,Erími
647,Alyson,Jentet,ajentethy@elegantthemes.com,Female,Stoczek Łukowski
648,Vite,Bartelot,vbartelothz@java.com,Male,Zbraslav
649,Freddy,Van der Krui,fvanderkruii0@jigsy.com,Male,Cotaparaco
650,Cassaundra,Hizir,chiziri1@nih.gov,Female,Saarbrücken
651,Rufe,Pennuzzi,rpennuzzii2@netlog.com,Male,Puente Nacional
652,Thorvald,Cacacie,tcacaciei3@spotify.com,Male,Huazhuang
653,Damian,Ryburn,dryburni4@furl.net,Male,Vryburg
654,Mathe,Keefe,mkeefei5@whitehouse.gov,Male,Rongxi
655,Andie,Abbado,aabbadoi6@squidoo.com,Male,Columbus
656,Gail,Inglefield,ginglefieldi7@themeforest.net,Male,Maracás
657,Lindy,Hazeman,lhazemani8@newyorker.com,Male,Blainville
658,Guntar,Compfort,gcompforti9@digg.com,Male,Novovasylivka
659,Siffre,Lanney,slanneyia@irs.gov,Male,Qufu
660,Pamela,Jordine,pjordineib@tiny.cc,Female,Campinas
661,Carmine,Donoghue,cdonoghueic@yolasite.com,Male,Iwŏn-ŭp
662,Tyrus,Rainbow,trainbowid@youtu.be,Male,Ochakiv
663,Bram,Hendrickx,bhendrickxie@goo.gl,Male,Paterson
664,Rice,Millichip,rmillichipif@over-blog.com,Male,Savonranta
665,Stu,Akred,sakredig@paypal.com,Male,Yuanyang Zhen
666,Chrisy,Causbey,ccausbeyih@eventbrite.com,Male,Bayrachky
667,Thea,Surgood,tsurgoodii@businessinsider.com,Female,Tembayangan Barat
668,Guenna,Melan,gmelanij@desdev.cn,Female,Bududa
669,Boony,Camelin,bcamelinik@myspace.com,Male,Suibara
670,Antonetta,Callway,acallwayil@parallels.com,Female,Jianshan
671,Dall,McFarland,dmcfarlandim@blogger.com,Male,Zhabagly
672,Murdoch,Morison,mmorisonin@unc.edu,Male,Znomenka
673,Meryl,Kinnie,mkinnieio@huffingtonpost.com,Female,Campor
674,Cornelius,Barthod,cbarthodip@github.io,Male,Tutnae
675,Irina,Yetts,iyettsiq@skype.com,Female,Nong Khae
676,Marketa,Readshall,mreadshallir@fema.gov,Female,Ciherang
677,Horten,Schimek,hschimekis@behance.net,Male,Santiago
678,Lyndsey,Bolf,lbolfit@rediff.com,Female,Fengdian
679,Kristina,Rojahn,krojahniu@ustream.tv,Female,Chinhoyi
680,Henry,Saintsbury,hsaintsburyiv@seesaa.net,Male,Masaraway
681,Kelcie,Passo,kpassoiw@icio.us,Female,Pingdu
682,Frederik,Semeniuk,fsemeniukix@squidoo.com,Male,Krajan Rowokangkung
683,Domenic,Boecke,dboeckeiy@myspace.com,Male,Somerset East
684,Randa,Morgue,rmorgueiz@bravesites.com,Female,Energeticheskiy
685,Valdemar,Dorn,vdornj0@list-manage.com,Male,Surin
686,Lodovico,Graine,lgrainej1@amazon.co.uk,Male,Margabakti
687,Gerry,Chillingworth,gchillingworthj2@liveinternet.ru,Male,Revda
688,Emmet,Drogan,edroganj3@cam.ac.uk,Male,Aş Şanamayn
689,Pyotr,Valentinuzzi,pvalentinuzzij4@wikispaces.com,Male,Mantingantengah
690,Roobbie,Sandcraft,rsandcraftj5@blinklist.com,Female,Foz do Iguaçu
691,Brennen,Bescoby,bbescobyj6@berkeley.edu,Male,Miaojie
692,Jaquenetta,Chant,jchantj7@mozilla.org,Female,Chattanooga
693,Betsey,Brocket,bbrocketj8@independent.co.uk,Female,Dřevohostice
694,Alysia,Tomasini,atomasinij9@reference.com,Female,Port Glaud
695,Benedikta,Baldazzi,bbaldazzija@engadget.com,Female,Hongshi
696,Layne,Pepon,lpeponjb@yellowpages.com,Female,Salima
697,Byrom,Tollow,btollowjc@ehow.com,Male,Yermish’
698,Shermie,Malpass,smalpassjd@4shared.com,Male,Mulawato
699,Hilliard,Skeats,hskeatsje@accuweather.com,Male,Garunggang
700,Porty,Paulig,ppauligjf@hostgator.com,Male,Tangping
701,Harvey,Ritmeyer,hritmeyerjg@theglobeandmail.com,Male,Safotulafai
702,Marybelle,Bibby,mbibbyjh@cnet.com,Female,Sredno Konjare
703,Ivory,Keysall,ikeysallji@ustream.tv,Female,Sochaux
704,Dorris,Stiling,dstilingjj@hatena.ne.jp,Female,Hobart
705,Dalston,Dobbie,ddobbiejk@weather.com,Male,West End
706,Erny,Brookbank,ebrookbankjl@squarespace.com,Male,Limbalod
707,Emlynne,Barkus,ebarkusjm@chicagotribune.com,Female,Pindorama
708,Isabeau,Glencrosche,iglencroschejn@uol.com.br,Female,Renfengzhuang
709,Ailyn,Issard,aissardjo@gmpg.org,Female,Tha Muang
710,Burgess,McNae,bmcnaejp@census.gov,Male,Girey
711,Gui,Wibrew,gwibrewjq@github.com,Female,Hüremt
712,Emily,Balogh,ebaloghjr@csmonitor.com,Female,Cikiwul Satu
713,Ewart,Bragg,ebraggjs@storify.com,Male,Jialu
714,Vin,Brookbank,vbrookbankjt@tinyurl.com,Male,Nandayure
715,Sibyl,Voff,svoffju@reverbnation.com,Female,Butare
716,Beryl,Shrimplin,bshrimplinjv@blogtalkradio.com,Female,Cisoka
717,Goraud,McGettigan,gmcgettiganjw@cyberchimps.com,Male,Ugep
718,Elmira,Donaho,edonahojx@gizmodo.com,Female,Mashi
719,Crosby,Muxworthy,cmuxworthyjy@smh.com.au,Male,Verbivka
720,Robinet,Cess,rcessjz@drupal.org,Male,Yagoua
721,Tiena,Blount,tblountk0@ox.ac.uk,Female,Pocokan Satu
722,Ricky,Pankethman,rpankethmank1@google.nl,Female,Hongshanyao
723,Elbertina,Twitchings,etwitchingsk2@epa.gov,Female,Szeged
724,Fielding,Gosforth,fgosforthk3@nhs.uk,Male,Malusac
725,Wakefield,Ranald,wranaldk4@latimes.com,Male,Xicheng
726,Cyrille,Bateup,cbateupk5@yahoo.com,Male,Hengfan
727,Linell,Deener,ldeenerk6@163.com,Female,Czerwin
728,Tabor,Hambright,thambrightk7@wikipedia.org,Male,Krajan Tegalombo
729,Walliw,Forrest,wforrestk8@bloglovin.com,Female,Ranot
730,Val,Shatford,vshatfordk9@sun.com,Male,Teodoro Sampaio
731,Terence,Pickervance,tpickervanceka@weibo.com,Male,Kuching
732,Lethia,Rulf,lrulfkb@marriott.com,Female,Baratan
733,Sybilla,Felgate,sfelgatekc@behance.net,Female,Boca Chica
734,Thaddeus,Friskey,tfriskeykd@google.de,Male,Kotovsk
735,Brig,Monery,bmoneryke@epa.gov,Male,Xiaoqi
736,Kellyann,Drakeford,kdrakefordkf@unblog.fr,Female,Świlcza
737,Currey,Bucknell,cbucknellkg@va.gov,Male,Esquina
738,Andonis,Blanchard,ablanchardkh@europa.eu,Male,Gorna Oryakhovitsa
739,Gian,Ilyinski,gilyinskiki@scribd.com,Male,Kurayoshi
740,Elisha,Minkin,eminkinkj@mit.edu,Female,Chame
741,Tanney,Keaveney,tkeaveneykk@statcounter.com,Male,Moca
742,Mauricio,Fairlam,mfairlamkl@sphinn.com,Male,Tawun
743,Davis,Brandli,dbrandlikm@goo.gl,Male,Kálamos
744,Conny,Skiggs,cskiggskn@home.pl,Female,Quilpué
745,Leanna,Sheldrake,lsheldrakeko@hexun.com,Female,Wangtai
746,Neely,Singers,nsingerskp@i2i.jp,Female,Huayana
747,Beret,Alenichev,balenichevkq@i2i.jp,Female,Dzerzhinsk
748,Adelheid,Warin,awarinkr@sina.com.cn,Female,Toshloq
749,Sena,Allsepp,sallseppks@un.org,Female,Jingguan
750,Maury,MacElroy,mmacelroykt@jimdo.com,Male,Karelichy
751,Blinnie,Thomesson,bthomessonku@mysql.com,Female,Gostovići
752,Melisenda,Handrock,mhandrockkv@foxnews.com,Female,Watergrasshill
753,Avrit,Nibloe,anibloekw@nsw.gov.au,Female,Uchkulan
754,Vanessa,Kingshott,vkingshottkx@admin.ch,Female,Wudangshan
755,Donal,Kingsley,dkingsleyky@technorati.com,Male,Zhenjiang
756,Meryl,Culbert,mculbertkz@fastcompany.com,Female,Medvedovskaya
757,Durward,Noddings,dnoddingsl0@bloglines.com,Male,Qal‘eh Ganj
758,Aili,Mohun,amohunl1@e-recht24.de,Female,Zhoukou
759,Dietrich,Stops,dstopsl2@mtv.com,Male,Staroderevyankovskaya
760,Drucie,Corwin,dcorwinl3@comcast.net,Female,Val-de-Reuil
761,Beaufort,Kollach,bkollachl4@time.com,Male,Heting
762,Lowrance,Groundwater,lgroundwaterl5@ucoz.ru,Male,Lanpelan
763,Orville,Beviss,obevissl6@devhub.com,Male,Gyamco
764,Noelyn,Esterbrook,nesterbrookl7@booking.com,Female,Pa Phayom
765,Harriott,Dawidowicz,hdawidowiczl8@jigsy.com,Female,Ciudad Bolívar
766,Olivier,Spadaro,ospadarol9@cisco.com,Male,Taibao
767,Dewie,Pantry,dpantryla@walmart.com,Male,Nandong
768,Rubi,Kitson,rkitsonlb@dion.ne.jp,Female,Quimper
769,Quentin,Fain,qfainlc@shop-pro.jp,Female,Suibara
770,Jeddy,Shepherd,jshepherdld@google.ru,Male,Icó
771,Katrina,Tabourier,ktabourierle@netlog.com,Female,Busay
772,Bar,Prendeguest,bprendeguestlf@guardian.co.uk,Male,Pondokunyur
773,Cyndi,Dayton,cdaytonlg@deliciousdays.com,Female,Venilale
774,Devinne,Radwell,dradwelllh@hp.com,Female,Marseille
775,Madelyn,Sturdy,msturdyli@google.com.br,Female,Paraíso
776,Brigitte,Reade,breadelj@github.io,Female,Helsingborg
777,Lesya,Calkin,lcalkinlk@walmart.com,Female,Xieqiao
778,Hunter,Gilardi,hgilardill@youku.com,Male,Seremban
779,Fay,Abrahmson,fabrahmsonlm@yellowpages.com,Female,Calgary
780,Cordelie,Gosse,cgosseln@twitter.com,Female,Ershilipu
781,Whitby,Carnson,wcarnsonlo@slashdot.org,Male,Täby
782,Isaac,Rosnau,irosnaulp@engadget.com,Male,Ganta
783,Cosette,Lamburn,clamburnlq@stanford.edu,Female,Zlatoust
784,Jaimie,Moorhouse,jmoorhouselr@booking.com,Male,Raminho
785,Phil,Timny,ptimnyls@weather.com,Male,Cibojong
786,Norean,Garci,ngarcilt@gravatar.com,Female,Phong Điền
787,Gian,Happs,ghappslu@goodreads.com,Male,Rio Claro
788,Peta,Kalinowsky,pkalinowskylv@gmpg.org,Female,Osieczna
789,Lianne,Mucklestone,lmucklestonelw@rakuten.co.jp,Female,San Juan de la Maguana
790,Virgina,Gehrels,vgehrelslx@topsy.com,Female,Francistown
791,Colly,Swoffer,cswofferly@cnet.com,Female,Shanghang
792,Brigham,Garford,bgarfordlz@wired.com,Male,Seredeyskiy
793,Darbie,Ogelbe,dogelbem0@businesswire.com,Female,Aketi
794,Tallou,McIlwraith,tmcilwraithm1@jugem.jp,Female,Ivanovo-Alekseyevka
795,Hesther,Godehard.sf,hgodehardsfm2@wsj.com,Female,Xincun
796,Amalie,Madgin,amadginm3@blog.com,Female,Kolbano
797,Michal,Stroban,mstrobanm4@google.fr,Male,Rebrikha
798,Modestine,Fevers,mfeversm5@cbc.ca,Female,Qindu
799,Aubrie,Goody,agoodym6@pcworld.com,Female,Rio de Mouro
800,Tamarah,Chancellor,tchancellorm7@ocn.ne.jp,Female,Meshcherino
801,Kienan,Wilkenson,kwilkensonm8@geocities.com,Male,Luqa
802,Gawen,Naisbitt,gnaisbittm9@reference.com,Male,Kelungkung
803,Clarisse,Margaret,cmargaretma@sogou.com,Female,Luče
804,Shea,Strahan,sstrahanmb@deviantart.com,Male,Mugan
805,Laural,McGall,lmcgallmc@ftc.gov,Female,San Diego
806,Janith,Potzold,jpotzoldmd@netlog.com,Female,San Francisco
807,Sandy,Tapenden,stapendenme@army.mil,Female,Jiangdianzi
808,Lesli,Moxsom,lmoxsommf@mayoclinic.com,Female,Cajazeiras
809,Jeanine,Aubin,jaubinmg@squarespace.com,Female,Presidente Dutra
810,Jessee,Sawnwy,jsawnwymh@nature.com,Male,Cherryville
811,Raffaello,Polo,rpolomi@twitter.com,Male,Sangallaya
812,Locke,Schistl,lschistlmj@census.gov,Male,Maurisu
813,Noell,Hawkswood,nhawkswoodmk@hp.com,Female,San Esteban
814,Fairlie,Tripony,ftriponyml@printfriendly.com,Male,Hollywood
815,Liesa,Snipe,lsnipemm@bbc.co.uk,Female,Ryōtsu-minato
816,Petr,Ellerman,pellermanmn@creativecommons.org,Male,Pangkalanbunut
817,Dalila,Pawlyn,dpawlynmo@technorati.com,Female,Buriwutung
818,Nedda,MacColm,nmaccolmmp@paypal.com,Female,Tyszowce
819,Elsi,Cudde,ecuddemq@friendfeed.com,Female,Cipeucang
820,Eran,Alven,ealvenmr@comsenz.com,Female,Kíti
821,Ainslee,Stollmeyer,astollmeyerms@webnode.com,Female,Nuevo Amanecer
822,Elden,Hawyes,ehawyesmt@nps.gov,Male,Lincheng
823,Dannie,Lancetter,dlancettermu@example.com,Male,Dūst Moḩammad Khān
824,Byrle,Monckton,bmoncktonmv@dmoz.org,Male,Nikitinskiy
825,Lenard,Ramshay,lramshaymw@chicagotribune.com,Male,Dicamay
826,Lawry,Cinavas,lcinavasmx@stanford.edu,Male,Hwangju-ŭp
827,Vallie,Florey,vfloreymy@posterous.com,Female,Rostov
828,Ninetta,Vasyanin,nvasyaninmz@stumbleupon.com,Female,Dzyarzhynsk
829,Anderson,Bridgestock,abridgestockn0@squidoo.com,Male,Laohekou
830,Xymenes,Kosiada,xkosiadan1@aol.com,Male,Roldanillo
831,Lisa,Haycock,lhaycockn2@usa.gov,Female,Pinheiral
832,Skipper,MacDwyer,smacdwyern3@deviantart.com,Male,Balingueo
833,Burlie,MacAvddy,bmacavddyn4@odnoklassniki.ru,Male,Juzhen
834,Haleigh,Grigoroni,hgrigoronin5@mapquest.com,Female,Alqueidão
835,Kennan,Crutch,kcrutchn6@barnesandnoble.com,Male,Haduohe
836,Jeddy,Whisson,jwhissonn7@dailymail.co.uk,Male,Lazaro Cardenas
837,Allina,Dudlestone,adudlestonen8@ocn.ne.jp,Female,Nelas
838,Lucy,De L'Isle,ldelislen9@senate.gov,Female,Montréal-Ouest
839,Giffie,Quincey,gquinceyna@freewebs.com,Male,Kokkónion
840,Arvie,Zavattero,azavatteronb@biglobe.ne.jp,Male,Osvaldo Cruz
841,Kalinda,Canny,kcannync@globo.com,Female,Altagracia de Orituco
842,Nina,Bellringer,nbellringernd@homestead.com,Female,Lisieux
843,Christen,Addicott,caddicottne@cbc.ca,Female,Geshan
844,Robenia,Gibson,rgibsonnf@cyberchimps.com,Female,Merke
845,Alyse,Plank,aplankng@topsy.com,Female,Mogi das Cruzes
846,Kane,Nussen,knussennh@bandcamp.com,Male,Geneina
847,Yorker,Rex,yrexni@imageshack.us,Male,Seixas do Douro
848,Coralie,Haryngton,charyngtonnj@vkontakte.ru,Female,Nam Som
849,Shepperd,Amphlett,samphlettnk@wikimedia.org,Male,Nowa Góra
850,Georgy,Imesson,gimessonnl@example.com,Male,Taiping
851,Glendon,Golley,ggolleynm@cbc.ca,Male,Seke
852,Falkner,Swaffield,fswaffieldnn@tiny.cc,Male,Alto de São Sebastião
853,Jemie,Bernt,jberntno@slideshare.net,Female,Turbaco
854,Ade,Irvin,airvinnp@histats.com,Male,Pereyaslav-Khmel’nyts’kyy
855,Valentina,Colthard,vcolthardnq@intel.com,Female,Matala
856,Arel,Wahner,awahnernr@vkontakte.ru,Male,Novi Sad
857,Jeremie,Plampeyn,jplampeynns@jigsy.com,Male,Vaudreuil-Dorion
858,Antoinette,Wille,awillent@twitpic.com,Female,Náklo
859,Upton,Bottrell,ubottrellnu@ihg.com,Male,Xibing
860,Alayne,Oxbury,aoxburynv@imdb.com,Female,Kafue
861,Pierce,Redmile,predmilenw@va.gov,Male,Péplos
862,Nadeen,Fontin,nfontinnx@de.vu,Female,Kabac
863,Lorelle,Kose,lkoseny@ox.ac.uk,Female,Krzemienica
864,Trey,Fitzgerald,tfitzgeraldnz@blogtalkradio.com,Male,Nagykanizsa
865,Jacquenetta,Hiner,jhinero0@blinklist.com,Female,São João del Rei
866,Ruttger,Strasse,rstrasseo1@amazon.co.jp,Male,Kadugadung
867,Mort,Rangall,mrangallo2@amazon.co.uk,Male,Guder
868,Lukas,Eyeington,leyeingtono3@hud.gov,Male,Smedjebacken
869,Burgess,O'Cleary,boclearyo4@ucoz.ru,Male,Old City
870,Breanne,Fusco,bfuscoo5@miitbeian.gov.cn,Female,Bektemir
871,Aile,Chicco,achiccoo6@weebly.com,Female,Afonsoeiro
872,Ruperto,Majury,rmajuryo7@stanford.edu,Male,Adorjan
873,Maurise,Fost,mfosto8@newyorker.com,Male,New Yekepa
874,Vivien,Dailey,vdaileyo9@infoseek.co.jp,Female,Bojongaren
875,Janelle,Kondrat,jkondratoa@unblog.fr,Female,Cincinnati
876,Clerc,Linfitt,clinfittob@shinystat.com,Male,Benito Juarez
877,Rance,Cowins,rcowinsoc@ucoz.ru,Male,Ekasapta
878,Herby,Wordesworth,hwordesworthod@google.de,Male,Rimba Sekampung
879,Natividad,Jancik,njancikoe@economist.com,Female,Maleevsk
880,Daryl,Whisker,dwhiskerof@usda.gov,Male,Kihurio
881,Claudianus,Axton,caxtonog@ebay.co.uk,Male,Rodez
882,Valerye,Dassindale,vdassindaleoh@w3.org,Female,Rudy
883,Sibeal,Hakeworth,shakeworthoi@un.org,Female,Scottsdale
884,Evey,Stovine,estovineoj@senate.gov,Female,Ramanavichy
885,Hashim,Hutchcraft,hhutchcraftok@epa.gov,Male,Tahala
886,Waldo,Rawdall,wrawdallol@arizona.edu,Male,Cibitungmasjid
887,Weston,Tokley,wtokleyom@economist.com,Male,Desa Kertasari
888,Fanya,Brinicombe,fbrinicombeon@symantec.com,Female,Antíparos
889,Giorgi,Stillgoe,gstillgoeoo@si.edu,Male,Lichengdao
890,Consuela,Hourston,chourstonop@hibu.com,Female,Bagé
891,Addi,Bovaird,abovairdoq@ifeng.com,Female,Duvergé
892,Corinna,Lamming,clammingor@hibu.com,Female,Melíki
893,Devinne,Compfort,dcompfortos@fc2.com,Female,Astanajapura
894,Nathan,Cosbey,ncosbeyot@squarespace.com,Male,Muricay
895,Shaina,Pietruszewicz,spietruszewiczou@nps.gov,Female,Butahai
896,Valeda,Silcocks,vsilcocksov@umn.edu,Female,Jangheung
897,Salvidor,Escoffrey,sescoffreyow@ning.com,Male,Machov
898,Suzanne,Waszczykowski,swaszczykowskiox@about.me,Female,Kampong Speu
899,Ruben,Francais,rfrancaisoy@nydailynews.com,Male,Slobodskoy
900,Beckie,Goodhand,bgoodhandoz@cnbc.com,Female,Santa Cruz de Barahona
901,Weider,Campkin,wcampkinp0@japanpost.jp,Male,Sharīfābād
902,Tome,Abry,tabryp1@tinyurl.com,Male,Lemland
903,Mair,Dolman,mdolmanp2@stanford.edu,Female,Zaprudnya
904,Maddy,Mintoff,mmintoffp3@edublogs.org,Male,Xiashan
905,Gawen,Carass,gcarassp4@over-blog.com,Male,Kangalassy
906,Udall,Shovelbottom,ushovelbottomp5@symantec.com,Male,Duvergé
907,Ephrayim,Boomes,eboomesp6@answers.com,Male,Parkent
908,Brice,Hoggan,bhogganp7@posterous.com,Male,Tycheró
909,Berkley,Gother,bgotherp8@samsung.com,Male,Tulay na Lupa
910,Gwen,Attenburrow,gattenburrowp9@youtube.com,Female,Masākin
911,Gerri,Gomer,ggomerpa@noaa.gov,Male,Albuera
912,Tristan,Fidler,tfidlerpb@youku.com,Male,Jinji
913,Melamie,Gorvin,mgorvinpc@123-reg.co.uk,Female,Reconquista
914,Gayle,Whybrow,gwhybrowpd@blinklist.com,Male,Rio de Moinhos
915,Sergent,Noteyoung,snoteyoungpe@howstuffworks.com,Male,Henghe
916,Winifred,Sawkins,wsawkinspf@timesonline.co.uk,Female,Arnage
917,Yalonda,Pruce,yprucepg@gizmodo.com,Female,Osnabrück
918,Sansone,Blundell,sblundellph@cargocollective.com,Male,Pingshan
919,Elaina,Basketter,ebasketterpi@ebay.co.uk,Female,Borås
920,Natka,Steers,nsteerspj@buzzfeed.com,Female,Tiberias
921,Christi,Huntress,chuntresspk@freewebs.com,Female,Toroy
922,Kerk,McArd,kmcardpl@independent.co.uk,Male,Springfield
923,Shadow,Haspineall,shaspineallpm@foxnews.com,Male,Klang
924,Tanny,Kingswell,tkingswellpn@hatena.ne.jp,Male,Cuenca
925,Floyd,Hodgin,fhodginpo@telegraph.co.uk,Male,‘Aşīrah ash Shamālīyah
926,Elberta,Collens,ecollenspp@sourceforge.net,Female,Gaotuan
927,Cornell,O'Geaney,cogeaneypq@si.edu,Male,Bungsuan
928,Athene,Blitz,ablitzpr@shutterfly.com,Female,Concepción
929,Brandy,Chisman,bchismanps@tripod.com,Female,Lingyuan
930,Kristoffer,Vickers,kvickerspt@washington.edu,Male,Drammen
931,Eilis,Smolan,esmolanpu@google.com.hk,Female,Dnestrovsc
932,Solly,Bleckly,sblecklypv@npr.org,Male,Turinsk
933,Judie,Golagley,jgolagleypw@woothemes.com,Female,Hanbin
934,Urbain,Ravenhill,uravenhillpx@ebay.co.uk,Male,Kayu Agung
935,Nolly,Yakovlev,nyakovlevpy@ed.gov,Male,Boulsa
936,Dalton,Deaville,ddeavillepz@multiply.com,Male,Bordeaux
937,Livy,Dunklee,ldunkleeq0@google.de,Female,Antalaha
938,Amby,Danielou,adanielouq1@blogspot.com,Male,Liozon
939,Barbaraanne,Noyes,bnoyesq2@drupal.org,Female,Livádion
940,Ambrosio,Roxburch,aroxburchq3@nifty.com,Male,Luobei
941,May,Derrington,mderringtonq4@adobe.com,Female,Sumber Tengah
942,Shepherd,Inker,sinkerq5@mediafire.com,Male,Handaqi
943,Marci,Kinglesyd,mkinglesydq6@businessinsider.com,Female,Gorbunki
944,Orbadiah,Grzegorczyk,ogrzegorczykq7@github.com,Male,Chaínça
945,Daren,Larne,dlarneq8@thetimes.co.uk,Male,Szczawno-Zdrój
946,Yuma,Gayne,ygayneq9@icq.com,Male,Tracal
947,Wilt,Bevir,wbevirqa@howstuffworks.com,Male,Västra Frölunda
948,Bent,Kasperski,bkasperskiqb@freewebs.com,Male,Balbalan
949,Ivar,Albinson,ialbinsonqc@yelp.com,Male,Kitami
950,Flossi,Marton,fmartonqd@china.com.cn,Female,Schroeder
951,Moses,McNae,mmcnaeqe@domainmarket.com,Male,Liuliping
952,Hercule,Furnival,hfurnivalqf@opera.com,Male,Leitões
953,Babara,Normabell,bnormabellqg@si.edu,Female,Tibro
954,Kerwinn,Shillum,kshillumqh@nsw.gov.au,Male,Overyata
955,Ozzie,Rait,oraitqi@livejournal.com,Male,Bukovec
956,Calvin,Tooze,ctoozeqj@theglobeandmail.com,Male,Marne-la-Vallée
957,Verina,Leneve,vleneveqk@photobucket.com,Female,Housuo
958,Meredithe,Benka,mbenkaql@weibo.com,Female,Bích Động
959,Vin,Dampier,vdampierqm@seattletimes.com,Female,Xinli
960,Archaimbaud,Masson,amassonqn@cnbc.com,Male,Polevskoy
961,Kendricks,McCraine,kmccraineqo@walmart.com,Male,Guantun
962,Kelbee,Paquet,kpaquetqp@rakuten.co.jp,Male,Damawato
963,Christie,Farans,cfaransqq@usgs.gov,Female,T’ianet’i
964,Harrison,Sine,hsineqr@tripod.com,Male,Huangascar
965,Merrel,Chirm,mchirmqs@lycos.com,Male,Nanterre
966,Rhianon,MacCorkell,rmaccorkellqt@wikispaces.com,Female,Ferrol
967,Georas,Maisey,gmaiseyqu@wordpress.com,Male,Tunzhai
968,Idette,Sterte,isterteqv@wordpress.org,Female,Santo Antônio de Posse
969,Barron,Kneeshaw,bkneeshawqw@people.com.cn,Male,Stettler
970,Angil,Cordingley,acordingleyqx@jugem.jp,Female,Sóc Sơn
971,Hew,Patchett,hpatchettqy@smugmug.com,Male,Ōzu
972,Amalea,Lydster,alydsterqz@gizmodo.com,Female,San Pedro
973,Wilburt,Brownlea,wbrownlear0@nydailynews.com,Male,Phra Pradaeng
974,Lark,Faires,lfairesr1@istockphoto.com,Female,Huaniao
975,Ilse,Klaesson,iklaessonr2@vinaora.com,Female,Zhigalovo
976,Odell,Bottrill,obottrillr3@cafepress.com,Male,Mahalapye
977,Darcie,Spanswick,dspanswickr4@studiopress.com,Female,Shymkent
978,Grenville,Clemens,gclemensr5@g.co,Male,Santa María Ixhuatán
979,Judi,Netley,jnetleyr6@de.vu,Female,Mangochi
980,Nathanial,Dysert,ndysertr7@digg.com,Male,Shijing
981,Amye,Da Costa,adacostar8@slate.com,Female,Bala Murghab
982,Eli,Hurtic,ehurticr9@soundcloud.com,Male,Jiegan
983,Ingra,McCoole,imccoolera@ifeng.com,Male,Cigoong
984,Codie,Kerswill,ckerswillrb@marriott.com,Female,Ovsyanka
985,Gerri,Farlane,gfarlanerc@hostgator.com,Male,Austin
986,Carr,Eginton,cegintonrd@flickr.com,Male,Karakol
987,Haily,Hebburn,hhebburnre@illinois.edu,Male,Burgastai
988,Dede,Bucktharp,dbucktharprf@techcrunch.com,Female,Kalmunai
989,Clementine,Buff,cbuffrg@redcross.org,Female,Clichy
990,Malchy,Prevett,mprevettrh@list-manage.com,Male,Tanggu
991,Ash,Friskey,afriskeyri@nasa.gov,Male,Bagu
992,Tansy,Casacchia,tcasacchiarj@thetimes.co.uk,Female,Shimiaozi
993,Mirilla,MacSweeney,mmacsweeneyrk@pagesperso-orange.fr,Female,Carrigtwohill
994,Charisse,Kensley,ckensleyrl@homestead.com,Female,Pondokkaha Kelod
995,Tracy,Scholey,tscholeyrm@google.com.br,Male,Watangan
996,Forester,Sleightholme,fsleightholmern@nps.gov,Male,Huanggang
997,Hercules,Shrimptone,hshrimptonero@nih.gov,Male,Carpina
998,Sybille,Ludlom,sludlomrp@google.com,Female,Wangunsari
999,Allyce,Adshed,aadshedrq@ning.com,Female,Wonorejo
1000,Yetta,Duinkerk,yduinkerkrr@dailymotion.com,Female,Keti Bandar
