id,first_name,last_name,email,gender,Address,Age
1,Beitris,Putson,bputson0@sfgate.com,Female,1982 La Follette Crossing,Female
2,Mellie,Baccus,mbaccus1@themeforest.net,Male,114 Aberg Court,Female
3,Cole,Brydie,cbrydie2@issuu.com,Female,96 Knutson Way,Male
4,Hertha,De Fraine,hdefraine3@comsenz.com,Male,44392 International Way,Female
5,Lisetta,Umfrey,lumfrey4@abc.net.au,Male,93969 Bluejay Drive,Female
6,Hyacintha,Stonier,hstonier5@uol.com.br,Male,605 Manufacturers Avenue,Female
7,Claudette,Geistmann,cgeistmann6@scientificamerican.com,Female,301 Randy Junction,Female
8,Norrie,Lukock,nlukock7@yellowbook.com,Male,5526 Roxbury Way,Female
9,Kelbee,Gauche,kgauche8@businessinsider.com,Male,1 Clemons Circle,Male
10,Sylvia,Jirick,sjirick9@buzzfeed.com,Male,5 Sugar Street,Female
11,Elbertine,Quibell,equibella@hc360.com,Male,172 Grim Parkway,Female
12,Teddi,Mourant,tmourantb@hc360.com,Male,84 Marquette Drive,Female
13,Edna,Richardot,erichardotc@hexun.com,Female,2 Harper Trail,Female
14,Cece,Bome,cbomed@sciencedaily.com,Female,164 Nova Pass,Male
15,Omero,Worledge,oworledgee@ibm.com,Male,36998 Roth Court,Male
16,Corilla,Ginn,cginnf@privacy.gov.au,Male,2 Brickson Park Street,Female
17,Wilek,Joiris,wjoirisg@state.gov,Male,12873 Ruskin Center,Male
18,Gerry,Gammons,ggammonsh@nationalgeographic.com,Female,2 Farragut Center,Male
19,Edwina,Pullin,epullini@uol.com.br,Male,1788 Division Road,Female
20,Mitchel,Iveans,miveansj@nps.gov,Male,8 Forster Road,Male
21,Nadine,Atyeo,natyeok@webnode.com,Female,4 Cardinal Alley,Female
22,Conrad,Crouch,ccrouchl@nytimes.com,Female,52 Brown Road,Male
23,Addy,Upham,auphamm@is.gd,Female,29606 Valley Edge Terrace,Female
24,Herbie,Statter,hstattern@photobucket.com,Female,372 Mandrake Terrace,Male
25,Ario,Stallwood,astallwoodo@hubpages.com,Female,71 Eastlawn Crossing,Male
26,Babita,Harrill,bharrillp@imgur.com,Female,367 Lukken Place,Female
27,Emmye,Enevold,eenevoldq@howstuffworks.com,Male,41 Eastwood Circle,Female
28,Tull,Rappa,trappar@example.com,Male,8010 Mandrake Plaza,Male
29,Alphard,Texton,atextons@oaic.gov.au,Male,01859 South Park,Male
30,Warner,Downs,wdownst@about.me,Male,68 Kedzie Place,Male
31,Lenka,Cyster,lcysteru@sciencedaily.com,Female,3784 Springs Trail,Female
32,Quill,Challice,qchallicev@state.tx.us,Female,72 Old Gate Street,Male
33,Iggie,Cavnor,icavnorw@wordpress.org,Male,2700 Union Street,Male
34,Denice,Tuxill,dtuxillx@mediafire.com,Male,94194 Shopko Court,Female
35,Tatiania,Boatswain,tboatswainy@stanford.edu,Male,28202 Bluejay Trail,Female
36,Huey,Ablewhite,hablewhitez@vinaora.com,Male,234 Farragut Way,Male
37,Chrysler,Ioan,cioan10@omniture.com,Male,6 Fallview Trail,Female
38,Raymond,Chandler,rchandler11@ameblo.jp,Male,93 Buhler Pass,Male
39,Anthia,Inkster,ainkster12@quantcast.com,Female,6 Valley Edge Way,Female
40,Abbey,Forsyth,aforsyth13@meetup.com,Male,3670 Memorial Street,Male
41,Madella,Littleproud,mlittleproud14@123-reg.co.uk,Male,725 Laurel Road,Female
42,Wiley,Allsepp,wallsepp15@google.com.br,Male,81530 Derek Plaza,Male
43,Jillie,Kenrack,jkenrack16@sitemeter.com,Female,7 Reinke Terrace,Female
44,Alberta,Lyptratt,alyptratt17@fda.gov,Female,20119 Esch Avenue,Female
45,Brand,Brickner,bbrickner18@walmart.com,Female,35 Stang Lane,Male
46,Vikki,Swanton,vswanton19@ezinearticles.com,Male,91 Declaration Crossing,Female
47,Cedric,Fretwell,cfretwell1a@yandex.ru,Female,3049 Weeping Birch Crossing,Male
48,Selby,D'Oyley,sdoyley1b@themeforest.net,Male,9 Dryden Park,Male
49,Perla,Peller,ppeller1c@issuu.com,Male,2 Armistice Alley,Female
50,Valentine,Dimblebee,vdimblebee1d@ibm.com,Male,86260 Reindahl Lane,Male
51,Matthieu,Petche,mpetche1e@desdev.cn,Male,759 8th Hill,Male
52,Adrien,Steels,asteels1f@marriott.com,Female,8 Tomscot Point,Male
53,Ludwig,Bolt,lbolt1g@hexun.com,Female,89 Butterfield Avenue,Male
54,Krystalle,Gladyer,kgladyer1h@hp.com,Male,956 Nobel Point,Female
55,Pauletta,Pryce,ppryce1i@elegantthemes.com,Female,7621 Melrose Plaza,Female
56,Rubia,Garza,rgarza1j@telegraph.co.uk,Female,2 Briar Crest Hill,Female
57,Victoir,Scotcher,vscotcher1k@sohu.com,Female,358 Pennsylvania Avenue,Male
58,Rosene,Bartlam,rbartlam1l@odnoklassniki.ru,Female,7146 Burrows Way,Female
59,Ferdie,Grandin,fgrandin1m@adobe.com,Female,1887 Clyde Gallagher Point,Male
60,Minerva,Rohmer,mrohmer1n@indiatimes.com,Female,5994 Crest Line Junction,Female
61,Friedrick,Bellee,fbellee1o@latimes.com,Male,64625 Eastlawn Avenue,Male
62,Carlyle,Gathwaite,cgathwaite1p@ebay.com,Male,2 8th Way,Male
63,Osbourne,Meatcher,omeatcher1q@omniture.com,Male,7 Stoughton Parkway,Male
64,Harald,Curton,hcurton1r@oaic.gov.au,Male,86521 Pleasure Point,Male
65,Norby,Janway,njanway1s@elpais.com,Female,7846 Burning Wood Center,Male
66,Blanche,Sikorsky,bsikorsky1t@telegraph.co.uk,Male,63290 Canary Circle,Female
67,Perren,Frichley,pfrichley1u@arstechnica.com,Male,2688 Northfield Point,Male
68,Else,Kynan,ekynan1v@flickr.com,Male,239 Hollow Ridge Place,Female
69,Elwood,Enterlein,eenterlein1w@naver.com,Male,231 Fieldstone Lane,Male
70,Margeaux,McGregor,mmcgregor1x@oakley.com,Male,087 Westend Place,Female
71,Tyrone,Sweetsur,tsweetsur1y@sitemeter.com,Female,887 West Terrace,Male
72,Ritchie,Fadden,rfadden1z@people.com.cn,Male,53 Hovde Place,Male
73,Francyne,Hammatt,fhammatt20@statcounter.com,Male,73962 Thackeray Terrace,Female
74,Dmitri,Alfonzo,dalfonzo21@so-net.ne.jp,Male,18 Pawling Alley,Male
75,Aeriela,Kamiyama,akamiyama22@cornell.edu,Female,3 Crowley Drive,Female
76,Gerardo,Ormiston,gormiston23@army.mil,Female,2 Prentice Place,Male
77,Nataniel,Kliment,nkliment24@ox.ac.uk,Female,27 Bartillon Circle,Male
78,Maurita,MacKaile,mmackaile25@tinypic.com,Female,058 Chive Plaza,Female
79,Ewen,Dover,edover26@columbia.edu,Female,9899 Duke Road,Male
80,Anabal,Sawl,asawl27@github.com,Male,275 Quincy Terrace,Female
81,Jarvis,Chanson,jchanson28@sfgate.com,Male,683 4th Circle,Male
82,Base,Naerup,bnaerup29@redcross.org,Male,442 Comanche Alley,Male
83,Marcella,Tatteshall,mtatteshall2a@squarespace.com,Female,6186 Anhalt Circle,Female
84,Helyn,Charon,hcharon2b@dailymotion.com,Male,7138 Jay Lane,Female
85,Danni,Peracco,dperacco2c@behance.net,Male,9461 Hoepker Trail,Female
86,Cacilia,Raraty,craraty2d@washington.edu,Female,901 Swallow Road,Female
87,Pasquale,Kimpton,pkimpton2e@ning.com,Female,388 Hudson Terrace,Male
88,Ludvig,Jennaroy,ljennaroy2f@delicious.com,Male,32 Mariners Cove Junction,Male
89,Ranique,Geill,rgeill2g@miitbeian.gov.cn,Male,2 Sloan Terrace,Female
90,Papagena,Dorricott,pdorricott2h@cnet.com,Female,03 Maryland Place,Female
91,Rabi,Burnsyde,rburnsyde2i@skype.com,Female,7430 Banding Drive,Male
92,Allen,Worrall,aworrall2j@howstuffworks.com,Male,80405 Loeprich Point,Male
93,Lurlene,Airton,lairton2k@ebay.co.uk,Male,334 Blackbird Trail,Female
94,Leona,Colnett,lcolnett2l@google.cn,Female,15 Main Park,Female
95,Adoree,Odams,aodams2m@cbslocal.com,Female,635 Ludington Parkway,Female
96,Brandtr,Lantiffe,blantiffe2n@bandcamp.com,Female,04696 Katie Court,Male
97,Patricio,Budding,pbudding2o@hc360.com,Female,816 East Hill,Male
98,Barbaraanne,Stutt,bstutt2p@desdev.cn,Male,978 Elgar Lane,Female
99,Hube,Sondland,hsondland2q@pinterest.com,Male,6 North Road,Male
100,Markos,Emson,memson2r@multiply.com,Female,6723 Homewood Circle,Male
101,Kaiser,Dafforne,kdafforne2s@posterous.com,Male,4 Surrey Trail,Male
102,Salomon,Javes,sjaves2t@wordpress.org,Female,91453 Cordelia Plaza,Male
103,Kyle,Pendry,kpendry2u@mysql.com,Female,231 Johnson Lane,Male
104,Emmalynne,Biasioli,ebiasioli2v@a8.net,Male,099 Butterfield Point,Female
105,Spencer,Jerrom,sjerrom2w@blogger.com,Female,28 Express Trail,Male
106,Justine,Brame,jbrame2x@va.gov,Male,83 Monica Drive,Female
107,Carmen,Bes,cbes2y@salon.com,Male,7274 Mcbride Drive,Female
108,Gwendolin,Whatman,gwhatman2z@imageshack.us,Male,69747 Park Meadow Avenue,Female
109,Alyosha,Brew,abrew30@gravatar.com,Male,27370 Ramsey Pass,Male
110,Obediah,Hurch,ohurch31@google.cn,Female,52 Hansons Circle,Male
111,Timmie,Bischof,tbischof32@gizmodo.com,Male,75 Saint Paul Point,Female
112,Germain,Goggan,ggoggan33@hc360.com,Female,9888 Leroy Park,Male
113,Coleman,Alldre,calldre34@trellian.com,Female,75873 Sullivan Circle,Male
114,Hanny,Mellem,hmellem35@ibm.com,Male,927 Sherman Street,Female
115,Arron,Charter,acharter36@list-manage.com,Male,26631 Anzinger Park,Male
116,Sandro,Morfett,smorfett37@cbslocal.com,Female,03 Little Fleur Drive,Male
117,Maren,Leavy,mleavy38@google.com,Male,988 Golden Leaf Parkway,Female
118,Levi,Deftie,ldeftie39@google.cn,Female,753 Marcy Pass,Male
119,Wally,Imison,wimison3a@ask.com,Female,00 Holmberg Hill,Male
120,Sapphire,Cake,scake3b@sohu.com,Female,4600 6th Point,Female
121,Torrance,Speek,tspeek3c@weibo.com,Female,27 La Follette Parkway,Male
122,Ezmeralda,Whyke,ewhyke3d@odnoklassniki.ru,Male,87 Blaine Road,Female
123,Alain,Rizon,arizon3e@telegraph.co.uk,Male,914 Harper Court,Male
124,Vikki,Shaves,vshaves3f@typepad.com,Male,7751 Anthes Parkway,Female
125,Merwin,Buterton,mbuterton3g@paypal.com,Female,89 Prentice Lane,Male
126,Kane,Ochterlony,kochterlony3h@vk.com,Male,07647 Brickson Park Center,Male
127,Shirleen,Poston,sposton3i@xrea.com,Male,5 Kipling Place,Female
128,Demetri,Franklen,dfranklen3j@cdbaby.com,Male,045 Ridgeway Circle,Male
129,Barbi,Klimt,bklimt3k@digg.com,Male,5370 Eagle Crest Junction,Female
130,Renaldo,Avesque,ravesque3l@paypal.com,Male,3 Debs Alley,Male
131,Yancey,Haydock,yhaydock3m@ning.com,Male,99286 Steensland Alley,Male
132,Karim,Garment,kgarment3n@dailymotion.com,Female,044 Eagan Terrace,Male
133,Nona,Ondrak,nondrak3o@xing.com,Male,56462 Mallard Lane,Female
134,Jacobo,Cerro,jcerro3p@amazon.com,Male,9856 David Crossing,Male
135,Lari,Boakes,lboakes3q@google.com.hk,Female,96198 Johnson Terrace,Female
136,Johnna,Duberry,jduberry3r@mozilla.org,Female,555 Corscot Hill,Female
137,Chancey,Iveagh,civeagh3s@de.vu,Male,226 Talisman Hill,Male
138,Madelle,Kowal,mkowal3t@goo.ne.jp,Male,7387 Carpenter Avenue,Female
139,Filbert,Minocchi,fminocchi3u@blogger.com,Female,350 Hagan Parkway,Male
140,Linn,Gillford,lgillford3v@fema.gov,Male,5331 Claremont Street,Male
141,Clywd,Beglin,cbeglin3w@pcworld.com,Male,60 Luster Parkway,Male
142,Dee,Jeafferson,djeafferson3x@shareasale.com,Female,225 Sullivan Drive,Female
143,Robinia,Wadham,rwadham3y@howstuffworks.com,Male,789 Fair Oaks Way,Female
144,Avie,Biddleston,abiddleston3z@barnesandnoble.com,Female,462 East Plaza,Female
145,Dagmar,Irons,dirons40@smugmug.com,Male,68 Shelley Alley,Female
146,Cristine,Aizikovitz,caizikovitz41@google.pl,Male,392 Armistice Hill,Female
147,Shaun,Descroix,sdescroix42@oracle.com,Female,00 Hoffman Road,Male
148,Gilbertina,Shercliff,gshercliff43@dagondesign.com,Male,99842 Lakeland Road,Female
149,Hettie,Seivwright,hseivwright44@amazon.com,Female,743 Basil Road,Female
150,Dorthy,Szymanek,dszymanek45@jigsy.com,Female,8380 Clarendon Trail,Female
151,Hamlin,Cridge,hcridge46@com.com,Male,16 Hauk Pass,Male
152,Corney,Coleshill,ccoleshill47@csmonitor.com,Male,6 Oneill Hill,Male
153,Nanete,Pawnsford,npawnsford48@diigo.com,Male,1 Huxley Pass,Female
154,Jerrilee,Igoe,jigoe49@google.de,Male,5 Summerview Center,Female
155,Jimmie,O'Dooghaine,jodooghaine4a@woothemes.com,Female,7 Elka Terrace,Male
156,Joyous,Suche,jsuche4b@ow.ly,Male,6 Utah Pass,Female
157,Anatole,McDavitt,amcdavitt4c@usda.gov,Female,47 Ludington Point,Male
158,Philippine,Cristofalo,pcristofalo4d@wsj.com,Female,0153 Hanover Alley,Female
159,Ivor,Ruske,iruske4e@alexa.com,Female,993 Havey Circle,Male
160,Chiarra,Ryder,cryder4f@dedecms.com,Female,742 Fallview Parkway,Female
161,Demetra,Wase,dwase4g@nationalgeographic.com,Female,910 Straubel Parkway,Female
162,Catina,Maydwell,cmaydwell4h@wikia.com,Female,4760 4th Circle,Female
163,Davon,Newitt,dnewitt4i@technorati.com,Male,634 Bayside Lane,Male
164,Calida,Bugge,cbugge4j@newsvine.com,Female,2667 Colorado Court,Female
165,Linc,Leppingwell,lleppingwell4k@canalblog.com,Male,270 Corry Junction,Male
166,Dunn,Baldin,dbaldin4l@bloglovin.com,Female,5581 Thompson Crossing,Male
167,Maurene,Tomlett,mtomlett4m@gov.uk,Male,20422 Menomonie Point,Female
168,Vittorio,McIndrew,vmcindrew4n@mozilla.org,Female,370 John Wall Terrace,Male
169,Burton,Chesney,bchesney4o@latimes.com,Male,12234 Bunker Hill Hill,Male
170,Latrena,Gibbin,lgibbin4p@china.com.cn,Male,6 Schurz Pass,Female
171,Belva,McCrossan,bmccrossan4q@topsy.com,Male,66 Carberry Drive,Female
172,Giraud,Gockelen,ggockelen4r@pagesperso-orange.fr,Female,802 Fuller Hill,Male
173,Duffy,Camelin,dcamelin4s@oracle.com,Female,80327 Schurz Park,Male
174,Edy,Sancroft,esancroft4t@gmpg.org,Female,6 Towne Plaza,Female
175,Kristi,Bligh,kbligh4u@blogger.com,Male,2946 Haas Crossing,Female
176,Oralla,Zemler,ozemler4v@jiathis.com,Female,3 Eagle Crest Place,Female
177,Feliks,Carrabott,fcarrabott4w@pagesperso-orange.fr,Female,5 Debra Point,Male
178,Renelle,Callister,rcallister4x@eepurl.com,Male,84 Burning Wood Alley,Female
179,Harmonia,Rubenchik,hrubenchik4y@plala.or.jp,Male,0 Golf Way,Female
180,Patty,Liversedge,pliversedge4z@imdb.com,Male,906 Stang Point,Female
181,Domenico,Priddle,dpriddle50@google.it,Male,9 Sullivan Plaza,Male
182,Genevieve,Sondland,gsondland51@harvard.edu,Male,85 Monument Street,Female
183,Vincents,Georgiev,vgeorgiev52@unblog.fr,Male,78 Merry Terrace,Male
184,Angelina,Hornung,ahornung53@flickr.com,Female,83410 East Avenue,Female
185,Agnes,Nettleship,anettleship54@skype.com,Male,20657 Cardinal Park,Female
186,Ermanno,Clatworthy,eclatworthy55@google.com.au,Male,91 Westridge Court,Male
187,Nial,Grombridge,ngrombridge56@umich.edu,Female,85 Mitchell Hill,Male
188,Sayers,Rockwill,srockwill57@umn.edu,Female,00854 Lakewood Gardens Crossing,Male
189,Tremaine,Sindell,tsindell58@google.com.au,Female,37 Village Green Pass,Male
190,Shela,Franklyn,sfranklyn59@de.vu,Female,87 Schiller Point,Female
191,Sapphire,Clemencon,sclemencon5a@privacy.gov.au,Female,053 Pankratz Drive,Female
192,Joane,Evison,jevison5b@taobao.com,Female,46394 Badeau Crossing,Female
193,Haroun,Henmarsh,hhenmarsh5c@noaa.gov,Male,858 Bluestem Alley,Male
194,Haven,Lambin,hlambin5d@4shared.com,Female,496 Sherman Crossing,Male
195,Sella,Gontier,sgontier5e@umn.edu,Male,51 Glacier Hill Circle,Female
196,Kalila,McGiveen,kmcgiveen5f@baidu.com,Female,21946 Meadow Ridge Point,Female
197,Falkner,Guerreru,fguerreru5g@yahoo.com,Male,52 Menomonie Terrace,Male
198,George,MacConnel,gmacconnel5h@google.com.au,Male,66760 Springs Plaza,Female
199,Lizette,Gingel,lgingel5i@technorati.com,Male,2040 Ridgeway Park,Female
200,Kellia,Raffon,kraffon5j@hao123.com,Male,82 Scott Center,Female
201,Lissi,Luce,lluce5k@hostgator.com,Female,333 Burrows Way,Female
202,Florri,Swynfen,fswynfen5l@census.gov,Male,0248 Oak Valley Way,Female
203,Tannie,Gayther,tgayther5m@ft.com,Male,9155 Acker Parkway,Male
204,Putnam,Paterson,ppaterson5n@scientificamerican.com,Female,68168 Montana Center,Male
205,Cristian,Egle of Germany,cegleofgermany5o@businessinsider.com,Female,49 Claremont Pass,Male
206,Devi,Skentelbery,dskentelbery5p@jalbum.net,Male,341 Lakewood Gardens Hill,Female
207,Maryjane,Bisgrove,mbisgrove5q@symantec.com,Female,52 Meadow Ridge Hill,Female
208,Christen,Aviss,caviss5r@flickr.com,Female,26 Susan Avenue,Female
209,Kare,Rosenblum,krosenblum5s@newyorker.com,Female,29609 Maywood Park,Female
210,Ennis,Espy,eespy5t@psu.edu,Male,2615 Farmco Court,Male
211,Hettie,Faichney,hfaichney5u@printfriendly.com,Female,26 Merrick Hill,Female
212,Truda,Teanby,tteanby5v@elpais.com,Male,9819 Jenifer Point,Female
213,Sanderson,Yankov,syankov5w@mapquest.com,Female,81 Forest Trail,Male
214,Gard,Darracott,gdarracott5x@w3.org,Female,93 Towne Trail,Male
215,Walden,Renfree,wrenfree5y@ezinearticles.com,Male,51236 Dixon Avenue,Male
216,Eugenius,Ducker,educker5z@webmd.com,Male,66749 Delladonna Alley,Male
217,Asa,Tinan,atinan60@friendfeed.com,Female,39 Buell Road,Male
218,Krista,Parkisson,kparkisson61@ihg.com,Female,4 Birchwood Court,Female
219,Freemon,Iacomelli,fiacomelli62@arstechnica.com,Female,8789 Nelson Terrace,Male
220,Rozina,Lilleyman,rlilleyman63@themeforest.net,Female,41303 8th Way,Female
221,Pren,Caltera,pcaltera64@accuweather.com,Female,964 East Hill,Male
222,Benedetta,Bitterton,bbitterton65@lycos.com,Male,20918 Katie Court,Female
223,William,MacLise,wmaclise66@discovery.com,Female,862 Lunder Court,Male
224,Carey,Shearmur,cshearmur67@go.com,Female,59 Vera Trail,Female
225,Burr,Slot,bslot68@foxnews.com,Female,3369 Del Sol Trail,Male
226,Tyrus,Lydster,tlydster69@meetup.com,Male,7428 Bobwhite Court,Male
227,Lance,Wyldes,lwyldes6a@pen.io,Female,6 Myrtle Parkway,Male
228,Petra,Pratchett,ppratchett6b@gizmodo.com,Female,02 Fieldstone Crossing,Female
229,Fair,Rudgley,frudgley6c@discuz.net,Female,9243 Shopko Park,Male
230,Malina,Theuff,mtheuff6d@mysql.com,Female,63194 Ryan Parkway,Female
231,Rance,Saleway,rsaleway6e@instagram.com,Female,758 Bluejay Street,Male
232,Carmelita,Mattersley,cmattersley6f@wiley.com,Female,9 Westport Crossing,Female
233,Patrice,Keelin,pkeelin6g@eventbrite.com,Male,3648 Birchwood Road,Female
234,Alister,Redborn,aredborn6h@ow.ly,Female,75 Badeau Crossing,Male
235,Felike,Spreag,fspreag6i@dot.gov,Male,18034 Boyd Court,Male
236,Harald,Chalke,hchalke6j@printfriendly.com,Female,35 Grim Avenue,Male
237,Claybourne,Turvey,cturvey6k@ycombinator.com,Male,93760 Summit Point,Male
238,Emmott,Archbold,earchbold6l@hao123.com,Male,845 Leroy Point,Male
239,Lorri,Harses,lharses6m@wisc.edu,Male,6 Hudson Way,Female
240,Tamarah,Yuryev,tyuryev6n@msn.com,Female,205 Westport Way,Female
241,Callida,Slide,cslide6o@mac.com,Male,57177 Crest Line Street,Female
242,Augusto,Broadbent,abroadbent6p@ifeng.com,Female,13 Glendale Pass,Male
243,Catharine,MacAulay,cmacaulay6q@archive.org,Female,2 Arrowood Junction,Female
244,Orrin,Hake,ohake6r@furl.net,Female,3391 Schlimgen Parkway,Male
245,Wilmar,Pyrton,wpyrton6s@bravesites.com,Female,478 East Road,Male
246,Mendie,Wasielewicz,mwasielewicz6t@globo.com,Male,20 Donald Pass,Male
247,Ermina,Attewell,eattewell6u@businessweek.com,Female,1 Cody Park,Female
248,Sigvard,Hapgood,shapgood6v@cmu.edu,Male,6 Helena Hill,Male
249,Caterina,Wreak,cwreak6w@blogs.com,Female,5390 2nd Plaza,Female
250,Kelley,Greenly,kgreenly6x@typepad.com,Male,33183 Graceland Alley,Female
251,Stinky,Wyvill,swyvill6y@macromedia.com,Male,426 Pleasure Alley,Male
252,Demetra,Dillow,ddillow6z@tripadvisor.com,Male,8 Buell Hill,Female
253,Rocky,Partrick,rpartrick70@prlog.org,Male,53 Nova Terrace,Male
254,Gavin,McNuff,gmcnuff71@spiegel.de,Male,65074 Carey Crossing,Male
255,Fonsie,Lainton,flainton72@mtv.com,Male,099 Ruskin Plaza,Male
256,Wallis,Lazonby,wlazonby73@weebly.com,Male,05 Heffernan Park,Male
257,Michel,Sailer,msailer74@reuters.com,Female,58 Waubesa Circle,Male
258,Dorry,Hagyard,dhagyard75@sogou.com,Male,49349 Bunker Hill Junction,Female
259,Gustav,Neeson,gneeson76@bizjournals.com,Female,41 Mandrake Court,Male
260,Rodger,Peiro,rpeiro77@last.fm,Male,2 Emmet Terrace,Male
261,Joelly,Haddy,jhaddy78@ucsd.edu,Female,9921 Claremont Street,Female
262,Auberon,Wimms,awimms79@stanford.edu,Female,190 Pine View Place,Male
263,Mackenzie,Kirlin,mkirlin7a@ning.com,Male,55881 Northwestern Avenue,Male
264,Goober,Spiers,gspiers7b@symantec.com,Female,92 Jenifer Plaza,Male
265,Nathaniel,Giral,ngiral7c@so-net.ne.jp,Female,539 1st Drive,Male
266,Gran,Aitken,gaitken7d@drupal.org,Female,3 3rd Parkway,Male
267,Babara,Bohlje,bbohlje7e@people.com.cn,Male,7478 Ridgeway Plaza,Female
268,Lowrance,Allington,lallington7f@cargocollective.com,Female,7 Judy Road,Male
269,Marcelo,Faircley,mfaircley7g@elegantthemes.com,Male,55953 Sherman Alley,Male
270,Heidi,Burberow,hburberow7h@bandcamp.com,Female,75 Kinsman Park,Female
271,Gizela,Overpool,goverpool7i@cnbc.com,Female,17636 Melody Court,Female
272,Finlay,Ephgrave,fephgrave7j@sbwire.com,Male,4978 Glacier Hill Parkway,Male
273,Roscoe,Drysdale,rdrysdale7k@diigo.com,Female,3454 Lunder Way,Male
274,Arvin,Atter,aatter7l@who.int,Male,260 Debra Pass,Male
275,Annemarie,Bolland,abolland7m@mlb.com,Female,977 Summer Ridge Alley,Female
276,Glendon,Inker,ginker7n@cdc.gov,Male,14940 Doe Crossing Circle,Male
277,Northrop,Kamena,nkamena7o@apache.org,Male,8 5th Road,Male
278,Salmon,Clohessy,sclohessy7p@aboutads.info,Male,9126 Lien Alley,Male
279,Byrom,Colliber,bcolliber7q@amazon.co.uk,Female,0 Sullivan Place,Male
280,Klarrisa,Davers,kdavers7r@comsenz.com,Female,18 Village Green Center,Female
281,Pete,Binfield,pbinfield7s@free.fr,Female,777 Harbort Drive,Male
282,Granger,O'Hannay,gohannay7t@chronoengine.com,Male,545 Browning Road,Male
283,Jo-anne,Crawcour,jcrawcour7u@sina.com.cn,Female,23860 Green Ridge Point,Female
284,Ardyce,Olufsen,aolufsen7v@cargocollective.com,Female,0 Sullivan Place,Female
285,Rosalie,Fihelly,rfihelly7w@nih.gov,Male,0652 Banding Center,Female
286,Mirabelle,Scay,mscay7x@goodreads.com,Male,6319 Walton Place,Female
287,Elroy,Clixby,eclixby7y@toplist.cz,Female,4 Coleman Alley,Male
288,Kylila,Kenwell,kkenwell7z@ihg.com,Male,10 Mesta Road,Female
289,Kerianne,Human,khuman80@diigo.com,Female,81 Havey Parkway,Female
290,Alana,Giabucci,agiabucci81@twitter.com,Male,0978 Carberry Hill,Female
291,Kaycee,Darrell,kdarrell82@columbia.edu,Male,5 Amoth Parkway,Female
292,Alexei,Pammenter,apammenter83@cafepress.com,Female,66091 Riverside Road,Male
293,Giulia,Paddington,gpaddington84@twitpic.com,Female,7147 Lakeland Crossing,Female
294,Bevan,Ivanyushkin,bivanyushkin85@sphinn.com,Female,8175 Mcguire Trail,Male
295,Yolanda,Liddiard,yliddiard86@ebay.com,Female,9 Larry Circle,Female
296,Clara,Guerrin,cguerrin87@sphinn.com,Male,01159 Helena Road,Female
297,Jasen,Thalmann,jthalmann88@arstechnica.com,Female,32775 Gateway Avenue,Male
298,Jeana,Sheilds,jsheilds89@bigcartel.com,Male,9652 Roth Place,Female
299,Trueman,McCaughren,tmccaughren8a@timesonline.co.uk,Male,151 Caliangt Terrace,Male
300,Tymon,Servant,tservant8b@wp.com,Female,305 International Hill,Male
301,Nikolai,Snelman,nsnelman8c@printfriendly.com,Male,617 Bartillon Circle,Male
302,Stanton,Kettlestring,skettlestring8d@biglobe.ne.jp,Female,47 Gerald Pass,Male
303,Sheff,Egarr,segarr8e@chron.com,Male,80 Maywood Pass,Male
304,Wernher,Grundy,wgrundy8f@hao123.com,Male,088 Lyons Plaza,Male
305,Jarrad,Derks,jderks8g@163.com,Male,56633 Namekagon Pass,Male
306,Xena,Madge,xmadge8h@pbs.org,Female,72 Leroy Place,Female
307,Lamond,Gerrit,lgerrit8i@nationalgeographic.com,Male,3 Corry Pass,Male
308,Honey,Watmough,hwatmough8j@newyorker.com,Female,57991 Macpherson Parkway,Female
309,Sigfried,McLelland,smclelland8k@jimdo.com,Female,409 Gina Center,Male
310,Angel,Helsby,ahelsby8l@usatoday.com,Female,767 Lillian Junction,Male
311,Eyde,MacRanald,emacranald8m@list-manage.com,Female,8844 Elmside Parkway,Female
312,Jarrid,Ericsson,jericsson8n@hao123.com,Female,1 Erie Hill,Male
313,Tynan,Perkis,tperkis8o@youku.com,Male,28 Ilene Circle,Male
314,Penn,Lafflin,plafflin8p@businessinsider.com,Female,7961 Center Plaza,Male
315,Annemarie,Earl,aearl8q@wordpress.com,Male,982 Mallard Way,Female
316,Clareta,Izkoveski,cizkoveski8r@blogtalkradio.com,Female,9 Autumn Leaf Place,Female
317,Kristal,Baldry,kbaldry8s@nifty.com,Female,490 Golden Leaf Terrace,Female
318,Beverie,Poundford,bpoundford8t@1688.com,Male,31392 Waubesa Place,Female
319,Aymer,Watting,awatting8u@sina.com.cn,Male,2 Garrison Drive,Male
320,Brigit,Righy,brighy8v@merriam-webster.com,Female,76 Evergreen Court,Female
321,Farra,Strange,fstrange8w@ox.ac.uk,Male,2 Meadow Vale Lane,Female
322,Lilli,Holdey,lholdey8x@deviantart.com,Male,04 Brickson Park Trail,Female
323,Alanson,Stonner,astonner8y@bizjournals.com,Female,50 Huxley Lane,Male
324,Levon,Harwin,lharwin8z@twitpic.com,Female,298 Algoma Lane,Male
325,Trenton,Stodart,tstodart90@cornell.edu,Female,742 Porter Park,Male
326,Westbrooke,Swaisland,wswaisland91@ibm.com,Female,17680 Lotheville Street,Male
327,Shay,Padrick,spadrick92@discuz.net,Male,68 Butterfield Court,Female
328,Art,Craster,acraster93@ted.com,Male,19 Marcy Lane,Male
329,Brynn,Slora,bslora94@dropbox.com,Male,4 Merry Center,Female
330,Martainn,Midgley,mmidgley95@arizona.edu,Male,2904 Lillian Park,Male
331,Marielle,Louch,mlouch96@tiny.cc,Female,88 Florence Point,Female
332,Christan,Lawranson,clawranson97@unesco.org,Male,17 Mandrake Parkway,Female
333,Nathanial,Ughini,nughini98@skyrock.com,Male,294 Canary Trail,Male
334,Robbie,Keller,rkeller99@cloudflare.com,Male,63960 Pleasure Hill,Male
335,Ferne,Duham,fduham9a@businessweek.com,Female,4 Manitowish Court,Female
336,Jess,Bothen,jbothen9b@clickbank.net,Female,4 Pearson Avenue,Female
337,Margaret,Jans,mjans9c@tmall.com,Female,0 Daystar Trail,Female
338,Margarethe,Grattage,mgrattage9d@wired.com,Male,3171 Jana Trail,Female
339,Ber,Ilive,bilive9e@com.com,Female,74 Kings Hill,Male
340,Bria,Kellog,bkellog9f@latimes.com,Male,9544 Mcguire Avenue,Female
341,Fancy,de Glanville,fdeglanville9g@un.org,Female,0031 Gulseth Junction,Female
342,Maurise,Baudone,mbaudone9h@free.fr,Female,96 3rd Crossing,Male
343,Wakefield,Weich,wweich9i@goo.ne.jp,Male,29 Esch Pass,Male
344,Aura,Kayser,akayser9j@reddit.com,Male,09 Fulton Point,Female
345,Ronny,Beecker,rbeecker9k@webmd.com,Female,9142 Daystar Center,Male
346,Lindsy,Spowage,lspowage9l@miibeian.gov.cn,Male,833 Daystar Junction,Female
347,Jordana,Blance,jblance9m@netlog.com,Male,29 Bowman Junction,Female
348,Hedy,Bettington,hbettington9n@issuu.com,Male,0589 Comanche Street,Female
349,Karoly,Dufton,kdufton9o@ocn.ne.jp,Male,3 Arapahoe Center,Female
350,Dianna,O'Fergus,dofergus9p@mayoclinic.com,Female,43 Macpherson Terrace,Female
351,Abraham,Bedborough,abedborough9q@spotify.com,Male,92 Dapin Road,Male
352,Alysia,Errington,aerrington9r@theguardian.com,Male,3 Kim Junction,Female
353,Romeo,Houlston,rhoulston9s@microsoft.com,Female,53601 Northridge Court,Male
354,Greggory,De Roeck,gderoeck9t@google.pl,Female,8615 Birchwood Lane,Male
355,Perla,Veevers,pveevers9u@jalbum.net,Male,7 Canary Parkway,Female
356,Brod,Abade,babade9v@epa.gov,Female,1071 Pawling Junction,Male
357,Glynnis,Loram,gloram9w@pinterest.com,Male,123 Oneill Hill,Female
358,Ashli,Semple,asemple9x@independent.co.uk,Female,797 Sage Parkway,Female
359,Colleen,Possek,cpossek9y@1und1.de,Female,2 Calypso Center,Female
360,Alikee,Body,abody9z@fc2.com,Male,3144 Magdeline Alley,Female
361,Sheppard,Bucktharp,sbucktharpa0@over-blog.com,Male,413 Dawn Junction,Male
362,Jock,Lefwich,jlefwicha1@list-manage.com,Male,34685 Village Lane,Male
363,Leo,Bodiam,lbodiama2@weather.com,Male,569 Gale Pass,Male
364,Leonore,Kolin,lkolina3@shop-pro.jp,Male,35 Ryan Park,Female
365,Khalil,Rattrie,krattriea4@yandex.ru,Female,22 Village Green Drive,Male
366,Arther,Sillwood,asillwooda5@economist.com,Male,30 Tomscot Alley,Male
367,Ethyl,Huccaby,ehuccabya6@cargocollective.com,Male,9 Bayside Hill,Female
368,Jasmin,MacNally,jmacnallya7@wufoo.com,Male,0 Merchant Center,Female
369,Stephanus,Dine-Hart,sdineharta8@upenn.edu,Male,0 Meadow Vale Terrace,Male
370,Verney,MacFadin,vmacfadina9@google.pl,Male,17 Old Shore Road,Male
371,Ariel,Dalgarno,adalgarnoaa@techcrunch.com,Male,6151 Sherman Alley,Male
372,Mirella,Deverock,mdeverockab@ftc.gov,Male,3483 Golf Court,Female
373,Paxon,Jobson,pjobsonac@slate.com,Male,1 Nelson Avenue,Male
374,Brooke,Bolduc,bbolducad@prlog.org,Female,91 Sloan Road,Female
375,Henka,Vesty,hvestyae@mozilla.org,Female,08080 Talmadge Terrace,Female
376,Axe,Pinnocke,apinnockeaf@mlb.com,Male,3 Tony Drive,Male
377,Rollins,Cardenas,rcardenasag@redcross.org,Female,94635 Aberg Road,Male
378,Mag,Dunstall,mdunstallah@dailymail.co.uk,Female,6367 Texas Street,Female
379,Brandea,Ohlsen,bohlsenai@clickbank.net,Female,18 Declaration Junction,Female
380,Oberon,Rowlatt,orowlattaj@nps.gov,Female,3478 American Park,Male
381,Wilow,Block,wblockak@state.tx.us,Female,370 Packers Court,Female
382,Nikolai,Phipard-Shears,nphipardshearsal@hibu.com,Female,522 Monterey Trail,Male
383,Fredi,Kayser,fkayseram@infoseek.co.jp,Female,10 Shopko Street,Female
384,Sibylle,Weddeburn - Scrimgeour,sweddeburnscrimgeouran@uol.com.br,Male,5 Jenna Hill,Female
385,Alexio,Sherland,asherlandao@naver.com,Female,875 Bobwhite Park,Male
386,Tabina,Gwinnett,tgwinnettap@squarespace.com,Male,30592 Farwell Street,Female
387,Cob,Delafoy,cdelafoyaq@yandex.ru,Female,4189 Packers Avenue,Male
388,Darcy,Teml,dtemlar@huffingtonpost.com,Male,5145 Pawling Junction,Male
389,Aurel,Coils,acoilsas@altervista.org,Male,853 Dapin Park,Female
390,Kira,Tritton,ktrittonat@ow.ly,Male,1088 Hudson Hill,Female
391,Tania,Bertram,tbertramau@craigslist.org,Male,392 Superior Terrace,Female
392,Elly,Fransinelli,efransinelliav@pbs.org,Male,64 Mayer Pass,Female
393,Geri,Lyddyard,glyddyardaw@usgs.gov,Female,2 Forest Run Point,Female
394,Mortie,Coplestone,mcoplestoneax@columbia.edu,Female,0 Main Road,Male
395,Fenelia,Wonham,fwonhamay@homestead.com,Male,8599 Riverside Plaza,Female
396,Isidoro,Brandli,ibrandliaz@usatoday.com,Male,492 Stoughton Street,Male
397,Mary,Craise,mcraiseb0@last.fm,Female,1576 Cordelia Drive,Female
398,Frankie,Scandred,fscandredb1@creativecommons.org,Male,3 Columbus Pass,Male
399,Irvin,Petican,ipeticanb2@webnode.com,Male,0645 Jackson Avenue,Male
400,Morry,Solleme,msollemeb3@google.it,Female,0 Commercial Street,Male
401,Townsend,Dunkerton,tdunkertonb4@vkontakte.ru,Female,2786 Dennis Alley,Male
402,Valentino,Meaders,vmeadersb5@cdc.gov,Female,3 Shelley Center,Male
403,Jason,Goodread,jgoodreadb6@privacy.gov.au,Male,53491 Merry Road,Male
404,Angelique,Tilling,atillingb7@forbes.com,Female,48 Mallory Court,Female
405,Anderson,Brome,abromeb8@thetimes.co.uk,Female,25545 Orin Lane,Male
406,Chris,Maliffe,cmaliffeb9@plala.or.jp,Male,4 Petterle Pass,Male
407,Gilles,Bradnum,gbradnumba@simplemachines.org,Female,60421 Rigney Road,Male
408,Trev,O' Mullan,tomullanbb@nasa.gov,Female,4950 Lerdahl Alley,Male
409,Kari,Horrod,khorrodbc@livejournal.com,Male,292 Washington Circle,Female
410,Ralina,Ackermann,rackermannbd@alibaba.com,Female,310 Maple Park,Female
411,Gui,Guiducci,gguiduccibe@unicef.org,Male,19342 Schlimgen Avenue,Female
412,Hetty,O'Noulane,honoulanebf@godaddy.com,Female,48363 Crownhardt Lane,Female
413,Mandel,Matthiae,mmatthiaebg@barnesandnoble.com,Female,00 Transport Place,Male
414,Gaile,Procter,gprocterbh@dion.ne.jp,Female,42124 Elgar Junction,Male
415,Luciano,Axon,laxonbi@vimeo.com,Male,01300 Melvin Point,Male
416,Bond,Coal,bcoalbj@lulu.com,Male,967 Stuart Hill,Male
417,Vilhelmina,Fache,vfachebk@europa.eu,Female,2 Jenna Court,Female
418,Anabel,Grzegorecki,agrzegoreckibl@wiley.com,Male,8 Pankratz Lane,Female
419,Reggie,Drover,rdroverbm@foxnews.com,Male,31956 Darwin Road,Male
420,Katherine,Crowe,kcrowebn@rakuten.co.jp,Female,7 Manley Drive,Female
421,Kailey,Hathwood,khathwoodbo@army.mil,Female,7943 Loomis Point,Female
422,Roger,Rosel,rroselbp@blogspot.com,Female,375 Ridgeway Terrace,Male
423,Lelah,Mapplebeck,lmapplebeckbq@moonfruit.com,Female,0 Leroy Pass,Female
424,Danny,Bryer,dbryerbr@chicagotribune.com,Female,2 Declaration Crossing,Female
425,Maryanne,McAuliffe,mmcauliffebs@cnbc.com,Male,609 Mayer Avenue,Female
426,Josselyn,Lightewood,jlightewoodbt@chronoengine.com,Male,6 Sugar Avenue,Female
427,Wyn,Knatt,wknattbu@tinyurl.com,Female,4953 Ryan Street,Male
428,Sebastiano,Wilflinger,swilflingerbv@4shared.com,Male,01646 Superior Road,Male
429,Kennett,Heritege,kheritegebw@cnbc.com,Female,4 Stone Corner Center,Male
430,Gregory,Varian,gvarianbx@multiply.com,Male,31979 Russell Park,Male
431,Evin,Gabler,egablerby@cisco.com,Male,6730 Carberry Terrace,Male
432,Torr,Derrington,tderringtonbz@google.cn,Male,32709 Basil Court,Male
433,Kordula,Banck,kbanckc0@home.pl,Male,90997 Schlimgen Junction,Female
434,Vernen,Siddaley,vsiddaleyc1@arizona.edu,Male,54 Donald Circle,Male
435,Ephrayim,Labbe,elabbec2@theguardian.com,Male,51846 Clove Road,Male
436,Harlan,Baudinelli,hbaudinellic3@bluehost.com,Male,68 Granby Avenue,Male
437,Robinia,Batrop,rbatropc4@youku.com,Female,5763 Dennis Avenue,Female
438,Arther,Mewrcik,amewrcikc5@sohu.com,Male,80064 Jana Center,Male
439,Margy,McLane,mmclanec6@msu.edu,Male,5301 Fuller Avenue,Female
440,Savina,Fredy,sfredyc7@sogou.com,Male,8263 Bluejay Road,Female
441,Lynsey,Lack,llackc8@reference.com,Male,18 Transport Road,Female
442,Ricardo,Dureden,rduredenc9@netvibes.com,Female,7 Waxwing Crossing,Male
443,Barnett,Greir,bgreirca@cafepress.com,Male,0651 Oriole Road,Male
444,Bambie,Drowsfield,bdrowsfieldcb@kickstarter.com,Male,2024 Logan Center,Female
445,Earle,Drabble,edrabblecc@loc.gov,Female,73762 Ramsey Drive,Male
446,Paloma,Pescott,ppescottcd@theatlantic.com,Male,62692 Shopko Point,Female
447,Kellie,Teager,kteagerce@upenn.edu,Female,43377 Oriole Circle,Female
448,Lambert,Dumbelton,ldumbeltoncf@hugedomains.com,Male,438 Fordem Point,Male
449,Say,Tomkins,stomkinscg@chron.com,Female,01861 Dottie Crossing,Male
450,Maggee,Bettesworth,mbettesworthch@xinhuanet.com,Male,3 Paget Park,Female
451,Ros,Kirvin,rkirvinci@ucla.edu,Female,2502 Comanche Parkway,Female
452,Perl,Doles,pdolescj@netvibes.com,Male,048 Graceland Hill,Female
453,Josy,Courson,jcoursonck@blogtalkradio.com,Male,3 Talmadge Terrace,Female
454,Denise,Shearmer,dshearmercl@behance.net,Male,189 Lakewood Street,Female
455,Annabel,Gonnard,agonnardcm@netvibes.com,Female,8 Stuart Trail,Female
456,Sybil,Clynmans,sclynmanscn@skyrock.com,Female,32 Eggendart Place,Female
457,Dulcine,Bahia,dbahiaco@wp.com,Male,5 Toban Court,Female
458,Carleton,Rupert,crupertcp@nyu.edu,Male,031 Tennyson Point,Male
459,Ezechiel,Ullett,eullettcq@auda.org.au,Female,559 Jackson Drive,Male
460,Felic,Van Ross,fvanrosscr@live.com,Male,957 Coolidge Court,Male
461,Wesley,Le Ball,wleballcs@ucoz.ru,Male,4 Dawn Alley,Male
462,Eberto,Yakovlev,eyakovlevct@163.com,Female,1622 Ryan Terrace,Male
463,Charlie,Ackred,cackredcu@wisc.edu,Male,810 Buell Pass,Male
464,Nelson,Brennan,nbrennancv@virginia.edu,Male,762 Merchant Court,Male
465,Frasco,Saladine,fsaladinecw@hao123.com,Female,292 Golf Course Terrace,Male
466,Gradeigh,Clemencon,gclemenconcx@weibo.com,Female,3965 Lakewood Place,Male
467,Alene,Overlow,aoverlowcy@phpbb.com,Female,60953 Sloan Junction,Female
468,Erma,Presdie,epresdiecz@mac.com,Female,424 Raven Place,Female
469,Lazar,Merriman,lmerrimand0@noaa.gov,Female,68 Esch Avenue,Male
470,Donnie,Jacson,djacsond1@ucoz.ru,Female,7 Corry Hill,Male
471,Lion,McHarry,lmcharryd2@wp.com,Male,4 Nobel Way,Male
472,Spenser,Barday,sbardayd3@macromedia.com,Female,893 Monument Park,Male
473,Web,Albion,walbiond4@upenn.edu,Female,05206 Coleman Road,Male
474,Toinette,Mawditt,tmawdittd5@foxnews.com,Male,7908 Sutteridge Center,Female
475,Granger,Silverwood,gsilverwoodd6@blinklist.com,Female,283 Arapahoe Circle,Male
476,Denney,Legge,dlegged7@sourceforge.net,Male,1428 Macpherson Park,Male
477,Darnell,Springford,dspringfordd8@typepad.com,Female,7579 Troy Trail,Male
478,Cheston,Grissett,cgrissettd9@huffingtonpost.com,Female,5 Morrow Circle,Male
479,Enriqueta,Le Friec,elefriecda@woothemes.com,Male,9608 Stang Way,Female
480,Fanni,Caldecot,fcaldecotdb@sun.com,Male,1 Mcguire Lane,Female
481,Vivienne,Normandale,vnormandaledc@fc2.com,Male,90783 East Avenue,Female
482,Ignacius,Lintott,ilintottdd@jalbum.net,Female,5246 Debs Street,Male
483,Zara,Petrusch,zpetruschde@naver.com,Female,6977 Clove Avenue,Female
484,Malchy,Conibere,mconiberedf@networkadvertising.org,Male,3576 Grayhawk Hill,Male
485,Xever,Cram,xcramdg@msu.edu,Male,2 Butterfield Avenue,Male
486,Callean,Tallow,ctallowdh@telegraph.co.uk,Male,3 Stone Corner Circle,Male
487,Ileana,Hookes,ihookesdi@github.com,Male,5 Katie Circle,Female
488,Abrahan,Tanfield,atanfielddj@unicef.org,Male,77 Debs Court,Male
489,Israel,Loyns,iloynsdk@cbc.ca,Male,2687 Independence Point,Male
490,Stace,Crampsey,scrampseydl@spiegel.de,Female,2 East Trail,Female
491,Urbano,Pandey,upandeydm@patch.com,Male,4644 Anniversary Way,Male
492,Lorette,Pavy,lpavydn@yahoo.com,Female,0640 Elmside Place,Female
493,Trix,Balog,tbalogdo@t-online.de,Male,85 Mariners Cove Drive,Female
494,Fawn,Dwelly,fdwellydp@fastcompany.com,Female,05 Buell Park,Female
495,Ettie,Firpo,efirpodq@mlb.com,Female,79 Basil Plaza,Female
496,Joelle,Wolfinger,jwolfingerdr@github.com,Female,2 Hermina Parkway,Female
497,Benjie,Norsister,bnorsisterds@people.com.cn,Male,4742 Mendota Street,Male
498,Annmaria,Caughan,acaughandt@slate.com,Female,66658 Debs Road,Female
499,Pen,Huyge,phuygedu@yahoo.co.jp,Male,69 Anniversary Parkway,Female
500,Vassili,Shotboulte,vshotboultedv@cornell.edu,Male,4 Dixon Parkway,Male
501,Francklin,Thomesson,fthomessondw@nih.gov,Male,5 6th Alley,Male
502,Lise,Trafford,ltrafforddx@ustream.tv,Female,05368 Moland Place,Female
503,Tyson,Bate,tbatedy@craigslist.org,Male,68 Packers Center,Male
504,Myrvyn,MacAskie,mmacaskiedz@liveinternet.ru,Female,11 Logan Plaza,Male
505,Sharia,Tapper,stappere0@webnode.com,Male,07670 Atwood Lane,Female
506,Bayard,Slym,bslyme1@squidoo.com,Female,9 Stoughton Crossing,Male
507,Cherilynn,Blakey,cblakeye2@cnn.com,Female,84 Autumn Leaf Lane,Female
508,Emlynne,D'Adamo,edadamoe3@123-reg.co.uk,Male,37638 Blackbird Place,Female
509,Pyotr,Scolts,pscoltse4@dropbox.com,Male,1297 Corscot Park,Male
510,Pip,Dubble,pdubblee5@bing.com,Female,68 Myrtle Alley,Male
511,Terrye,Madgin,tmadgine6@bloomberg.com,Female,96614 High Crossing Park,Female
512,Avril,Baldcock,abaldcocke7@timesonline.co.uk,Female,7 Gulseth Avenue,Female
513,Isis,Clinch,iclinche8@tamu.edu,Female,7746 Boyd Way,Female
514,Anitra,Tansley,atansleye9@quantcast.com,Female,12084 Dryden Park,Female
515,Teddy,Ioan,tioanea@wiley.com,Male,6083 Summer Ridge Road,Male
516,Fernande,Eldritt,feldritteb@google.nl,Male,38660 Kinsman Court,Female
517,Nathanil,Wisdom,nwisdomec@cbc.ca,Male,142 Rieder Hill,Male
518,Maure,Jerosch,mjerosched@icio.us,Male,0 Shoshone Way,Female
519,Ara,Penzer,apenzeree@comsenz.com,Female,233 Marquette Junction,Female
520,Alice,Lafont,alafontef@blinklist.com,Male,35 Main Way,Female
521,Morley,Borlease,mborleaseeg@google.es,Male,1569 Armistice Pass,Male
522,Inga,Pickthorne,ipickthorneeh@archive.org,Female,066 Heath Center,Female
523,Nicko,Coultard,ncoultardei@reddit.com,Female,0677 Kenwood Circle,Male
524,Isa,Manilow,imanilowej@yahoo.co.jp,Female,03 Golf Course Road,Female
525,Brynn,Swinney,bswinneyek@merriam-webster.com,Male,51620 Thackeray Trail,Female
526,Ches,Pedycan,cpedycanel@shop-pro.jp,Female,66 Shoshone Terrace,Male
527,Annette,Hoppner,ahoppnerem@yahoo.co.jp,Female,3 Anniversary Circle,Female
528,Romain,Klee,rkleeen@columbia.edu,Male,71044 Warrior Way,Male
529,Travus,Amiss,tamisseo@yandex.ru,Male,182 Marcy Road,Male
530,Marge,Stidever,mstideverep@nsw.gov.au,Male,7918 Holy Cross Avenue,Female
531,Vivyanne,Petschelt,vpetschelteq@hc360.com,Male,78 Green Ridge Junction,Female
532,Prinz,Riguard,priguarder@mapy.cz,Male,45 Superior Parkway,Male
533,Doralin,Jennaway,djennawayes@sciencedaily.com,Female,4224 Thierer Place,Female
534,Stefania,Devine,sdevineet@ezinearticles.com,Male,5947 Bartelt Point,Female
535,Chickie,Rizzotto,crizzottoeu@mlb.com,Male,8212 Pennsylvania Park,Female
536,Cameron,Reucastle,creucastleev@deviantart.com,Female,819 Mockingbird Alley,Male
537,Aretha,Rattray,arattrayew@bluehost.com,Male,952 Linden Place,Female
538,Gwenny,McGrowther,gmcgrowtherex@nasa.gov,Female,34 Annamark Trail,Female
539,Dorri,Lathbury,dlathburyey@is.gd,Male,9 Bultman Court,Female
540,Thaddus,Graveston,tgravestonez@miibeian.gov.cn,Female,9023 Village Green Road,Male
541,Angy,Elnor,aelnorf0@cpanel.net,Male,4 Village Parkway,Female
542,Tally,Barbrook,tbarbrookf1@whitehouse.gov,Female,57248 Hansons Crossing,Female
543,Joyous,Apps,jappsf2@google.it,Female,2931 Debra Avenue,Female
544,Cornell,Dilks,cdilksf3@edublogs.org,Male,5775 Harper Terrace,Male
545,Madison,Goldin,mgoldinf4@amazon.com,Female,86 Daystar Avenue,Male
546,George,Norrington,gnorringtonf5@diigo.com,Female,94577 Carberry Trail,Male
547,Katharine,Crass,kcrassf6@usa.gov,Male,41 Haas Hill,Female
548,Will,Tompion,wtompionf7@surveymonkey.com,Male,294 Declaration Parkway,Male
549,Bobby,Eayrs,beayrsf8@guardian.co.uk,Female,602 Schmedeman Crossing,Male
550,Arlana,De Clairmont,adeclairmontf9@multiply.com,Female,86738 Barnett Point,Female
551,Daisi,Lissemore,dlissemorefa@youku.com,Female,4 Colorado Court,Female
552,Dillie,Salzburger,dsalzburgerfb@uiuc.edu,Male,5 Chinook Road,Male
553,Dulcy,MacCafferky,dmaccafferkyfc@ucoz.com,Female,46 Main Avenue,Female
554,Ulberto,Derr,uderrfd@senate.gov,Male,6479 Sunbrook Park,Male
555,Teddy,Reagan,treaganfe@last.fm,Male,708 Thackeray Alley,Female
556,Abdul,Whether,awhetherff@yellowpages.com,Male,42 Dawn Point,Male
557,Darci,Kolin,dkolinfg@nsw.gov.au,Male,14261 Sutteridge Center,Female
558,Consolata,Adrienne,cadriennefh@addthis.com,Female,113 Atwood Road,Female
559,Quillan,Ambler,qamblerfi@tuttocitta.it,Female,5470 Hollow Ridge Place,Male
560,Perry,Bastistini,pbastistinifj@godaddy.com,Male,0839 Rigney Lane,Female
561,Ravid,Elizabeth,relizabethfk@ovh.net,Male,4 Rockefeller Terrace,Male
562,Gerard,Jertz,gjertzfl@wordpress.com,Female,6714 Dayton Terrace,Male
563,Towny,Lumm,tlummfm@sciencedirect.com,Male,4 Farwell Street,Male
564,Lynn,Struis,lstruisfn@livejournal.com,Female,17 Bonner Court,Female
565,Ara,Calken,acalkenfo@netlog.com,Female,287 Mcguire Park,Female
566,Reube,Calbaithe,rcalbaithefp@elegantthemes.com,Male,13889 Larry Junction,Male
567,Field,Cadogan,fcadoganfq@surveymonkey.com,Female,0602 Marcy Circle,Male
568,Erinna,Whyborn,ewhybornfr@engadget.com,Male,02898 Forster Street,Female
569,Annmaria,Aylett,aaylettfs@wunderground.com,Female,6096 Butterfield Circle,Female
570,Magdalena,Lillecrop,mlillecropft@bloglovin.com,Male,1879 Rowland Plaza,Female
571,Lorita,Bleddon,lbleddonfu@baidu.com,Male,1040 Thompson Hill,Female
572,Heida,Blakeley,hblakeleyfv@flickr.com,Female,95477 Dennis Point,Female
573,Aubrey,Corneliussen,acorneliussenfw@taobao.com,Male,1 Susan Crossing,Female
574,Osborne,Gregoretti,ogregorettifx@godaddy.com,Female,98 5th Avenue,Male
575,Kerwin,Bonhomme,kbonhommefy@rediff.com,Male,7 Troy Alley,Male
576,Rudie,Piet,rpietfz@multiply.com,Male,73 Straubel Pass,Male
577,Huntlee,Adrien,hadrieng0@ted.com,Female,70481 Hagan Street,Male
578,Constance,Pawelski,cpawelskig1@wordpress.com,Female,5 Dorton Drive,Female
579,Morton,Ruff,mruffg2@skyrock.com,Male,354 Arkansas Plaza,Male
580,Anderea,Baume,abaumeg3@youtu.be,Female,8 Carpenter Place,Female
581,Rudolfo,Derkes,rderkesg4@nytimes.com,Male,5549 Westport Avenue,Male
582,Eustace,Sleith,esleithg5@technorati.com,Female,726 Mayer Alley,Male
583,Erika,Divill,edivillg6@hexun.com,Female,27808 Mockingbird Parkway,Female
584,Dannie,O'Hickee,dohickeeg7@printfriendly.com,Female,8096 Eagle Crest Terrace,Male
585,Philis,Jubb,pjubbg8@macromedia.com,Male,142 Novick Pass,Female
586,Lauretta,Gillopp,lgilloppg9@netvibes.com,Male,09748 Shelley Crossing,Female
587,Gilligan,Chalcraft,gchalcraftga@cnet.com,Female,291 Golf View Road,Female
588,Matilde,Bruniges,mbrunigesgb@yellowbook.com,Male,52 Northport Lane,Female
589,Ebeneser,Knoton,eknotongc@forbes.com,Female,4957 Ilene Junction,Male
590,Ines,Lobley,ilobleygd@ifeng.com,Female,40 Comanche Street,Female
591,Homere,Kerrod,hkerrodge@etsy.com,Male,78 Garrison Alley,Male
592,Peggie,Puig,ppuiggf@ft.com,Male,38 Hauk Terrace,Female
593,Niel,Service,nservicegg@shutterfly.com,Male,6737 Southridge Lane,Male
594,Cathlene,Turle,cturlegh@columbia.edu,Female,33967 Eastwood Circle,Female
595,Hephzibah,Dot,hdotgi@php.net,Male,9 Lakewood Gardens Court,Female
596,Lucius,McGahey,lmcgaheygj@reddit.com,Male,0789 Sundown Avenue,Male
597,Dorelia,Bellhouse,dbellhousegk@blogspot.com,Female,817 Annamark Way,Female
598,Henry,Sturm,hsturmgl@statcounter.com,Female,356 Superior Parkway,Male
599,Stephie,Phipps,sphippsgm@cdbaby.com,Female,91666 Lukken Court,Female
600,Minne,Patinkin,mpatinkingn@hao123.com,Female,7 Meadow Ridge Hill,Female
601,Robenia,Stanbridge,rstanbridgego@woothemes.com,Female,65804 Monument Drive,Female
602,Lemar,Scryne,lscrynegp@ask.com,Female,756 David Place,Male
603,Sander,Inston,sinstongq@scribd.com,Female,67 Graedel Plaza,Male
604,Caddric,Phinn,cphinngr@smugmug.com,Female,342 Meadow Valley Road,Male
605,Bartolomeo,Franks,bfranksgs@typepad.com,Female,93037 North Terrace,Male
606,Jory,Birchner,jbirchnergt@ucla.edu,Female,351 Cardinal Circle,Male
607,Agnes,Burgoyne,aburgoynegu@loc.gov,Female,0 Bultman Hill,Female
608,Jerrold,Baldwin,jbaldwingv@bandcamp.com,Male,313 4th Lane,Male
609,Jordan,Oman,jomangw@ycombinator.com,Male,1 Dovetail Street,Male
610,Ruth,McGucken,rmcguckengx@springer.com,Male,9 Utah Park,Female
611,Vin,Blunsom,vblunsomgy@issuu.com,Male,0361 Ludington Court,Male
612,Ilaire,Parrot,iparrotgz@cnn.com,Male,41 Amoth Park,Male
613,Sindee,Carillo,scarilloh0@yellowbook.com,Male,610 Warbler Trail,Female
614,Mureil,Yurenin,myureninh1@123-reg.co.uk,Male,0856 Blackbird Way,Female
615,Micky,Bunker,mbunkerh2@homestead.com,Male,5064 Charing Cross Parkway,Male
616,Nanci,Duckwith,nduckwithh3@dedecms.com,Male,02061 Florence Hill,Female
617,Mart,Muzzlewhite,mmuzzlewhiteh4@edublogs.org,Male,47 Meadow Ridge Alley,Male
618,Heath,Dauney,hdauneyh5@reuters.com,Female,83562 Bunting Trail,Male
619,Kelli,Mattingly,kmattinglyh6@csmonitor.com,Female,4957 Rigney Terrace,Female
620,Cody,Parffrey,cparffreyh7@dailymotion.com,Male,60 Killdeer Drive,Female
621,Rodrigo,Hallor,rhallorh8@friendfeed.com,Male,60113 Pankratz Drive,Male
622,Armand,Snary,asnaryh9@posterous.com,Female,10 Oxford Junction,Male
623,Patti,McBean,pmcbeanha@nydailynews.com,Male,19 Bunker Hill Park,Female
624,Athene,Danilevich,adanilevichhb@blogger.com,Male,49435 Blue Bill Park Alley,Female
625,Nadia,McCarron,nmccarronhc@nifty.com,Female,8300 Packers Junction,Female
626,Cristine,O' Mara,comarahd@msu.edu,Male,29 Del Mar Junction,Female
627,Coretta,Watting,cwattinghe@latimes.com,Male,511 Del Mar Plaza,Female
628,Laverna,Joffe,ljoffehf@ebay.com,Female,2507 Miller Hill,Female
629,Erny,Corkell,ecorkellhg@yellowpages.com,Female,89 Reindahl Lane,Male
630,Jefferson,McNirlan,jmcnirlanhh@so-net.ne.jp,Female,09391 Autumn Leaf Way,Male
631,Ira,Jahnisch,ijahnischhi@cpanel.net,Male,874 Cherokee Road,Female
632,Harlene,Georger,hgeorgerhj@tinyurl.com,Female,343 Gateway Drive,Female
633,Hebert,Furmonger,hfurmongerhk@spiegel.de,Male,2642 Victoria Terrace,Male
634,Pennie,Salasar,psalasarhl@163.com,Female,87 Main Center,Female
635,Rasla,Crenage,rcrenagehm@ucoz.ru,Female,56070 Glendale Trail,Female
636,Lenna,Nulty,lnultyhn@cisco.com,Male,73 La Follette Hill,Female
637,Garrott,Goodley,ggoodleyho@hexun.com,Female,09 Charing Cross Hill,Male
638,Edik,Martinovsky,emartinovskyhp@qq.com,Male,3 Harbort Lane,Male
639,Latia,Hatherley,lhatherleyhq@surveymonkey.com,Female,161 Norway Maple Terrace,Female
640,Avivah,Brinkman,abrinkmanhr@hatena.ne.jp,Male,538 Sunfield Junction,Female
641,Xena,Stritton,xstrittonhs@java.com,Male,58 Melby Trail,Female
642,Tremaine,Vasishchev,tvasishchevht@php.net,Female,3152 Butterfield Lane,Male
643,Sheri,Runcieman,srunciemanhu@jigsy.com,Female,23 Paget Plaza,Female
644,Everard,Davydkov,edavydkovhv@washingtonpost.com,Male,23493 International Plaza,Male
645,Dedra,Belli,dbellihw@imdb.com,Male,67 Stuart Park,Female
646,Bobby,Bartkowiak,bbartkowiakhx@usatoday.com,Female,0 Crownhardt Way,Male
647,Coraline,Gaddas,cgaddashy@japanpost.jp,Male,21783 Rigney Court,Female
648,Nevins,Gammie,ngammiehz@state.gov,Female,7 Leroy Crossing,Male
649,Rudiger,Carlton,rcarltoni0@uiuc.edu,Female,42 Portage Pass,Male
650,Clementina,Reason,creasoni1@homestead.com,Male,6 Meadow Ridge Road,Female
651,Verne,Macourek,vmacoureki2@virginia.edu,Male,70443 Fairview Court,Male
652,Robb,Hesser,rhesseri3@simplemachines.org,Female,85 Charing Cross Lane,Male
653,Josiah,Shama,jshamai4@chronoengine.com,Male,797 Marcy Hill,Male
654,Callean,Tomowicz,ctomowiczi5@mapquest.com,Male,726 Holmberg Lane,Male
655,Mercie,Dunderdale,mdunderdalei6@arizona.edu,Female,7 Fairview Hill,Female
656,Nathalie,Trollope,ntrollopei7@addtoany.com,Female,44646 Green Road,Female
657,Emmet,Giacomello,egiacomelloi8@mtv.com,Male,06421 Donald Trail,Male
658,Nikaniki,Mellenby,nmellenbyi9@skyrock.com,Female,79 Linden Street,Female
659,Dagny,Gulland,dgullandia@washingtonpost.com,Female,12865 Huxley Center,Male
660,Feodor,Lavallin,flavallinib@taobao.com,Male,0998 Towne Plaza,Male
661,Maurine,MacMillan,mmacmillanic@dailymotion.com,Female,06 Erie Trail,Female
662,Michal,Reoch,mreochid@t-online.de,Female,21672 Prentice Crossing,Male
663,Trefor,Peirone,tpeironeie@dedecms.com,Male,8221 Clyde Gallagher Road,Male
664,Hermon,Rosencrantz,hrosencrantzif@smh.com.au,Female,251 1st Junction,Male
665,Ricca,Rosewall,rrosewallig@apple.com,Female,03445 Thackeray Lane,Female
666,Nichols,Waiton,nwaitonih@cyberchimps.com,Male,4 Jenna Way,Male
667,Suki,Dessant,sdessantii@rediff.com,Female,7 Sullivan Court,Female
668,Othelia,Kells,okellsij@instagram.com,Male,8111 Scott Parkway,Female
669,Wallas,Olivari,wolivariik@over-blog.com,Male,93708 Shoshone Junction,Male
670,Mateo,Gilbane,mgilbaneil@shinystat.com,Female,7 Johnson Lane,Male
671,Lucias,Placido,lplacidoim@theglobeandmail.com,Female,46 Sage Avenue,Male
672,Donn,Boustred,dboustredin@cdbaby.com,Male,1 Oneill Point,Male
673,Zaneta,Ramard,zramardio@utexas.edu,Male,98709 Manitowish Alley,Female
674,Hilliary,Skirving,hskirvingip@github.io,Male,89122 Sunnyside Way,Female
675,Gladi,Bowcock,gbowcockiq@vk.com,Male,28260 Blaine Trail,Female
676,Kaylil,Cowpertwait,kcowpertwaitir@stanford.edu,Male,204 Waxwing Junction,Female
677,Cass,Plastow,cplastowis@reddit.com,Female,2040 Lawn Point,Male
678,Liesa,Sonier,lsonierit@creativecommons.org,Male,88467 Arapahoe Parkway,Female
679,Brnaba,Rickell,brickelliu@google.nl,Male,1665 Artisan Parkway,Male
680,Gearard,Vreede,gvreedeiv@e-recht24.de,Male,9 Mallard Alley,Male
681,Norry,Playhill,nplayhilliw@123-reg.co.uk,Male,12 Eliot Drive,Male
682,Adriano,Richichi,arichichiix@washingtonpost.com,Male,4525 Continental Terrace,Male
683,Aloin,Extance,aextanceiy@artisteer.com,Female,2 Hanson Junction,Male
684,Meade,Sotworth,msotworthiz@princeton.edu,Male,9483 Westridge Alley,Male
685,Bartram,Leagas,bleagasj0@icio.us,Female,4 Parkside Avenue,Male
686,Ken,Ipwell,kipwellj1@umn.edu,Female,28817 Warrior Hill,Male
687,Mariel,Guerreru,mguerreruj2@e-recht24.de,Male,78 Brentwood Street,Female
688,Felice,Seeney,fseeneyj3@stumbleupon.com,Male,535 Kim Park,Female
689,Ulrich,Renbold,urenboldj4@hibu.com,Female,5 Blaine Pass,Male
690,Morganne,Carnew,mcarnewj5@cbsnews.com,Female,924 Forest Dale Way,Female
691,Gardiner,Daw,gdawj6@dion.ne.jp,Female,69943 Annamark Parkway,Male
692,Abdel,Roscoe,aroscoej7@dot.gov,Female,5 Stang Way,Male
693,Nichole,Gremane,ngremanej8@time.com,Female,0240 Fallview Park,Female
694,Griz,Imm,gimmj9@accuweather.com,Female,0655 Independence Plaza,Male
695,Rene,Burner,rburnerja@theglobeandmail.com,Male,41 Valley Edge Street,Female
696,Robenia,Chinnock,rchinnockjb@seattletimes.com,Male,8 Hagan Court,Female
697,Rosene,Yuryev,ryuryevjc@blog.com,Male,48 Claremont Trail,Female
698,Vivianne,Dagless,vdaglessjd@oaic.gov.au,Female,952 Gina Crossing,Female
699,Donnell,Wikey,dwikeyje@geocities.com,Female,9157 Rockefeller Way,Male
700,Dewain,Sibery,dsiberyjf@addtoany.com,Female,807 Golden Leaf Center,Male
701,Jasen,Weins,jweinsjg@who.int,Male,48 Stoughton Road,Male
702,Norry,Franzotto,nfranzottojh@usnews.com,Female,6984 Nobel Avenue,Female
703,Annabel,Treweek,atreweekji@apache.org,Male,436 Burning Wood Alley,Female
704,Vidovic,Curwen,vcurwenjj@virginia.edu,Male,61734 Buhler Terrace,Male
705,Conchita,Lusgdin,clusgdinjk@shareasale.com,Male,96 Rockefeller Point,Female
706,Adair,Engley,aengleyjl@jalbum.net,Female,544 Bonner Pass,Male
707,Emmalynne,Verrillo,everrillojm@com.com,Female,54 Rigney Junction,Female
708,Palm,Kahan,pkahanjn@utexas.edu,Female,15380 Spohn Parkway,Male
709,Larry,Abberley,labberleyjo@cpanel.net,Female,249 Sachtjen Street,Male
710,Amargo,Prosh,aproshjp@ocn.ne.jp,Female,0831 Mariners Cove Court,Female
711,Sylvester,Corinton,scorintonjq@webs.com,Male,2625 Tony Road,Male
712,Clementina,Antonsson,cantonssonjr@jiathis.com,Male,5561 Mendota Drive,Female
713,Garrott,Helm,ghelmjs@altervista.org,Male,7280 Fair Oaks Trail,Male
714,Cullan,MacCumeskey,cmaccumeskeyjt@wix.com,Female,471 Anzinger Plaza,Male
715,Kai,Linden,klindenju@domainmarket.com,Female,319 Briar Crest Parkway,Female
716,Ansley,Tongs,atongsjv@hexun.com,Female,41114 Onsgard Way,Female
717,Heywood,Cluderay,hcluderayjw@earthlink.net,Male,4 Manitowish Pass,Male
718,Dagmar,Garrigan,dgarriganjx@dedecms.com,Female,32427 Bonner Pass,Female
719,Paddie,Budibent,pbudibentjy@domainmarket.com,Female,7457 Longview Park,Male
720,Ernst,Burnie,eburniejz@nhs.uk,Male,42278 Dennis Drive,Male
721,Nora,Hanne,nhannek0@seattletimes.com,Female,54519 Hooker Circle,Female
722,Karim,Blanchflower,kblanchflowerk1@pinterest.com,Male,9143 Clyde Gallagher Pass,Male
723,Feodor,Petyanin,fpetyanink2@npr.org,Male,889 Morning Center,Male
724,Chalmers,Bolstridge,cbolstridgek3@barnesandnoble.com,Male,5 Roth Place,Male
725,Teddy,Pollie,tpolliek4@salon.com,Male,50816 Texas Court,Female
726,Cesya,Rove,crovek5@tmall.com,Female,1 Fuller Place,Female
727,Lucius,Brasseur,lbrasseurk6@youtube.com,Male,85386 Hallows Crossing,Male
728,Eda,Goodsall,egoodsallk7@51.la,Male,7608 Stone Corner Center,Female
729,Sayer,Brisland,sbrislandk8@1und1.de,Female,23922 Northridge Park,Male
730,Dorthy,Curedell,dcuredellk9@fda.gov,Female,94 Village Green Terrace,Female
731,Alick,Arkil,aarkilka@dmoz.org,Male,59 Comanche Point,Male
732,Jarrad,Romain,jromainkb@feedburner.com,Male,7 Meadow Ridge Junction,Male
733,Ermentrude,Mines,emineskc@telegraph.co.uk,Male,4119 Dawn Lane,Female
734,Halie,Pudney,hpudneykd@answers.com,Male,42 Rockefeller Lane,Female
735,Cam,Este,cesteke@globo.com,Male,0 Lawn Hill,Male
736,Darill,Keiling,dkeilingkf@slideshare.net,Female,97159 Homewood Terrace,Male
737,Valeda,Grayling,vgraylingkg@msn.com,Male,235 Park Meadow Court,Female
738,Alex,Bax,abaxkh@upenn.edu,Female,7643 Luster Avenue,Male
739,Elbert,Tolomelli,etolomelliki@boston.com,Female,63039 Armistice Drive,Male
740,Fedora,Pickover,fpickoverkj@51.la,Female,69384 Graedel Junction,Female
741,Patton,O' Borne,pobornekk@nyu.edu,Female,448 Mcguire Circle,Male
742,Reggie,Heyball,rheyballkl@booking.com,Male,3742 Declaration Center,Female
743,Kai,Crate,kcratekm@booking.com,Male,242 Dahle Court,Female
744,Esmeralda,O'Spillane,eospillanekn@theglobeandmail.com,Female,2 Mallory Parkway,Female
745,Genvieve,Garrity,ggarrityko@mozilla.org,Male,41 Ruskin Center,Female
746,Judy,Ewin,jewinkp@storify.com,Male,99 Walton Center,Female
747,Marwin,Laguerre,mlaguerrekq@ftc.gov,Male,559 Independence Hill,Male
748,Colline,Rentoll,crentollkr@google.com.br,Male,99260 Bobwhite Avenue,Female
749,Darrick,Brounsell,dbrounsellks@mayoclinic.com,Male,17757 Bartelt Lane,Male
750,Britteny,Treleven,btrelevenkt@networksolutions.com,Male,935 Canary Pass,Female
751,Amby,Christofor,achristoforku@rambler.ru,Male,65 Packers Circle,Male
752,Leia,Stapells,lstapellskv@house.gov,Female,7 Graceland Junction,Female
753,Reuben,Burnel,rburnelkw@eepurl.com,Female,42165 Heath Crossing,Male
754,Emogene,Ivanisov,eivanisovkx@mac.com,Female,32691 Maryland Road,Female
755,Daron,Davidavidovics,ddavidavidovicsky@blogspot.com,Male,1 Fairview Road,Male
756,Kendal,Timmis,ktimmiskz@plala.or.jp,Female,64 Elgar Parkway,Male
757,Obediah,Divall,odivalll0@state.tx.us,Male,665 Artisan Center,Male
758,Maurita,Simmons,msimmonsl1@smh.com.au,Male,90834 Ridge Oak Alley,Female
759,Remy,De Robertis,rderobertisl2@wisc.edu,Female,8 Meadow Vale Lane,Female
760,Tam,Mundie,tmundiel3@msu.edu,Female,5 Anniversary Plaza,Male
761,Randie,Arbor,rarborl4@prlog.org,Female,64074 Blue Bill Park Park,Female
762,Correy,Betjeman,cbetjemanl5@nba.com,Male,33 South Trail,Female
763,Murry,Dedmam,mdedmaml6@feedburner.com,Male,1341 Merchant Hill,Male
764,Addy,Lax,alaxl7@huffingtonpost.com,Male,42026 Monterey Junction,Female
765,Estell,Faulkes,efaulkesl8@dedecms.com,Male,3 Arapahoe Terrace,Female
766,Stanislas,Strover,sstroverl9@vistaprint.com,Female,45 Barnett Circle,Male
767,Alistair,Purse,apursela@abc.net.au,Male,425 Union Circle,Male
768,Hashim,Cleall,hclealllb@nhs.uk,Male,8 Esker Terrace,Male
769,Salaidh,Trevaskis,strevaskislc@diigo.com,Male,4220 Oxford Parkway,Female
770,Timmy,Mounfield,tmounfieldld@e-recht24.de,Female,069 Randy Point,Female
771,Drusi,Champley,dchampleyle@amazon.com,Female,8103 Pennsylvania Parkway,Female
772,Malcolm,Menci,mmencilf@geocities.jp,Female,800 Dunning Street,Male
773,Denys,Pache,dpachelg@wikipedia.org,Male,767 Weeping Birch Plaza,Male
774,Heather,Spiniello,hspiniellolh@time.com,Female,9 Mesta Way,Female
775,Harriet,McRannell,hmcrannellli@bandcamp.com,Female,0285 Bonner Place,Female
776,Nerte,Perfili,nperfililj@shinystat.com,Male,5536 Gale Alley,Female
777,Nanete,Gerbi,ngerbilk@si.edu,Male,6 Corben Trail,Female
778,Kermit,Wickey,kwickeyll@hhs.gov,Male,66306 Westerfield Drive,Male
779,Benedicta,Flute,bflutelm@jimdo.com,Male,782 Fieldstone Point,Female
780,Beulah,Gwalter,bgwalterln@google.es,Male,478 Division Street,Female
781,Wiatt,Druhan,wdruhanlo@cpanel.net,Male,605 Helena Street,Male
782,Domingo,Golledge,dgolledgelp@blogtalkradio.com,Female,80 Bluestem Lane,Male
783,Garfield,Seakings,gseakingslq@zimbio.com,Male,110 Hallows Drive,Male
784,Meryl,Mullin,mmullinlr@mayoclinic.com,Female,9268 Katie Drive,Female
785,Lyon,Tenman,ltenmanls@nasa.gov,Female,99 Farragut Avenue,Male
786,Daune,Tisor,dtisorlt@bbc.co.uk,Male,5 Waywood Pass,Female
787,Manon,Trimby,mtrimbylu@squidoo.com,Female,85 Browning Drive,Female
788,Burnard,Northedge,bnorthedgelv@goodreads.com,Male,0095 Granby Way,Male
789,Farica,Mattingson,fmattingsonlw@cdbaby.com,Female,0 Erie Way,Female
790,Bari,Blumfield,bblumfieldlx@meetup.com,Female,96 Gale Terrace,Female
791,Lari,Brixham,lbrixhamly@rakuten.co.jp,Male,5 Browning Way,Female
792,April,Orys,aoryslz@youku.com,Female,4 Kropf Circle,Female
793,Gradey,O'Doireidh,godoireidhm0@xing.com,Female,21935 Mariners Cove Point,Male
794,Bertrando,Hunston,bhunstonm1@fastcompany.com,Female,9 Ridgeway Place,Male
795,Cornie,Mitchelhill,cmitchelhillm2@cpanel.net,Female,78453 Northview Pass,Male
796,Jemmy,Kleynen,jkleynenm3@acquirethisname.com,Male,5853 Packers Terrace,Female
797,Alden,Rawcliff,arawcliffm4@phpbb.com,Male,81 Shasta Trail,Male
798,Anet,Pepperrall,apepperrallm5@gov.uk,Male,73525 Hayes Street,Female
799,Pearl,Anshell,panshellm6@opera.com,Male,51 Warrior Parkway,Female
800,Aridatha,Di Claudio,adiclaudiom7@msu.edu,Female,20 Warrior Hill,Female
801,Zorah,Tosspell,ztosspellm8@icio.us,Male,08179 Westridge Hill,Female
802,Eugenia,Fearnill,efearnillm9@gizmodo.com,Female,54987 Northridge Terrace,Female
803,Putnem,Kettlesting,pkettlestingma@moonfruit.com,Female,826 Buena Vista Way,Male
804,Ignace,Rowthorn,irowthornmb@freewebs.com,Female,72 Hovde Hill,Male
805,Marshall,MacCague,mmaccaguemc@tripod.com,Female,8 Loeprich Road,Male
806,Victor,Cannavan,vcannavanmd@salon.com,Male,5944 Dunning Court,Male
807,Judas,Kyncl,jkynclme@barnesandnoble.com,Male,61844 Donald Court,Male
808,Constantine,Cringle,ccringlemf@dailymail.co.uk,Male,92776 Eliot Terrace,Female
809,Hildagarde,Ouver,houvermg@diigo.com,Female,84181 Sherman Circle,Female
810,Parrnell,Dawney,pdawneymh@businesswire.com,Male,7 Waywood Circle,Male
811,Gerrilee,Annice,gannicemi@google.ca,Female,897 Hanson Trail,Female
812,Gris,Tanman,gtanmanmj@sphinn.com,Male,5 Novick Park,Male
813,Garvey,Olney,golneymk@bloomberg.com,Female,6 Crest Line Court,Male
814,Tito,Goadbie,tgoadbieml@macromedia.com,Male,9553 Shasta Point,Male
815,Tabbatha,Caselli,tcasellimm@jalbum.net,Female,0 Village Junction,Female
816,Kimberli,Gitthouse,kgitthousemn@thetimes.co.uk,Male,6301 Haas Plaza,Female
817,Lind,Faireclough,lfairecloughmo@zdnet.com,Female,6 Rusk Plaza,Male
818,Templeton,Nellies,tnelliesmp@wix.com,Male,33 Arapahoe Junction,Male
819,Eleanor,Artist,eartistmq@over-blog.com,Female,9 Carey Way,Female
820,Linnea,Nuzzetti,lnuzzettimr@noaa.gov,Female,483 Onsgard Hill,Female
821,Corabelle,Callear,ccallearms@narod.ru,Female,944 Mariners Cove Plaza,Female
822,Isabel,Linnit,ilinnitmt@ehow.com,Male,28 Grover Lane,Female
823,Dick,Pfleger,dpflegermu@google.co.uk,Male,00 High Crossing Place,Male
824,Morie,Dyche,mdychemv@wufoo.com,Female,87511 Eagle Crest Hill,Male
825,Thibaut,Kinglake,tkinglakemw@photobucket.com,Male,8 Ridgeway Center,Male
826,Maximo,Volk,mvolkmx@theguardian.com,Female,3 Vera Trail,Male
827,Emile,Sabater,esabatermy@odnoklassniki.ru,Male,5852 Gateway Park,Male
828,Vere,O'Dwyer,vodwyermz@umich.edu,Male,42 Daystar Avenue,Female
829,Bourke,Lockhurst,blockhurstn0@umich.edu,Male,4 Sage Plaza,Male
830,Keen,Aleso,kaleson1@state.tx.us,Male,35092 Loftsgordon Court,Male
831,Izak,Flahive,iflahiven2@alibaba.com,Female,3549 Stone Corner Plaza,Male
832,Luce,Axon,laxonn3@g.co,Female,263 Hallows Crossing,Female
833,Brigid,Lief,bliefn4@flickr.com,Male,50868 Mayer Alley,Female
834,Paulina,Dimitresco,pdimitrescon5@unicef.org,Male,44 Anderson Way,Female
835,Constancia,Caskie,ccaskien6@bloglines.com,Male,436 Manufacturers Drive,Female
836,Sigvard,Jovicic,sjovicicn7@newyorker.com,Male,437 Derek Place,Male
837,Stepha,Fransinelli,sfransinellin8@weebly.com,Male,686 Fairview Alley,Female
838,Gwynne,Mennithorp,gmennithorpn9@mapy.cz,Male,7 Waubesa Terrace,Female
839,Stephannie,Mitkov,smitkovna@whitehouse.gov,Female,876 Holmberg Point,Female
840,Vinson,Dudbridge,vdudbridgenb@eventbrite.com,Female,173 Gulseth Terrace,Male
841,Baily,Kneal,bknealnc@desdev.cn,Female,39 Kedzie Center,Male
842,Stanford,Oby,sobynd@examiner.com,Male,26 Holmberg Terrace,Male
843,Tyne,Gudgin,tgudginne@yelp.com,Female,43 Logan Drive,Female
844,Lorant,Pina,lpinanf@netscape.com,Female,3786 Killdeer Park,Male
845,Nisse,Iacovini,niacovining@uol.com.br,Male,994 Columbus Avenue,Female
846,Vonni,Conford,vconfordnh@skyrock.com,Male,8 Bultman Circle,Female
847,Garwood,Whorton,gwhortonni@mtv.com,Female,8 Bartillon Park,Male
848,Mellicent,Goodanew,mgoodanewnj@tamu.edu,Male,260 Leroy Hill,Female
849,Frazer,Nears,fnearsnk@google.com.br,Male,0066 Charing Cross Avenue,Male
850,Beau,Strasse,bstrassenl@phpbb.com,Female,30 Bonner Court,Male
851,Petronille,Echallier,pechalliernm@hud.gov,Female,6 Schlimgen Park,Female
852,Gael,Roft,groftnn@t-online.de,Male,3480 Northwestern Hill,Male
853,Lucien,Romagnosi,lromagnosino@cmu.edu,Female,76 Drewry Way,Male
854,Sandro,Stuchbury,sstuchburynp@pcworld.com,Male,872 Waywood Way,Male
855,Andi,Rosendall,arosendallnq@cisco.com,Male,122 Logan Point,Female
856,Foss,O'Fearguise,fofearguisenr@wordpress.org,Female,1730 Chinook Drive,Male
857,Randi,Zanetto,rzanettons@berkeley.edu,Male,6109 Karstens Street,Male
858,Siward,Benley,sbenleynt@smh.com.au,Female,5202 Oak Terrace,Male
859,Libbi,Footer,lfooternu@senate.gov,Female,49126 Marquette Parkway,Female
860,Luisa,Tankard,ltankardnv@nytimes.com,Male,2 Maple Court,Female
861,Neils,Mourant,nmourantnw@i2i.jp,Male,0616 Ridge Oak Park,Male
862,Carrissa,D'Cruze,cdcruzenx@digg.com,Female,149 Wayridge Crossing,Female
863,Tabor,Schach,tschachny@toplist.cz,Female,0 Commercial Place,Male
864,Peg,Ianinotti,pianinottinz@squidoo.com,Male,1 Rowland Way,Female
865,Armin,Di Ruggero,adiruggeroo0@tamu.edu,Male,791 Welch Park,Male
866,Napoleon,Harding,nhardingo1@java.com,Female,09401 Hanson Court,Male
867,Lucio,Gasking,lgaskingo2@parallels.com,Male,2 Northport Place,Male
868,Zelig,Everal,zeveralo3@netscape.com,Female,88 Columbus Trail,Male
869,Shaylynn,Danforth,sdanfortho4@dion.ne.jp,Male,71 Vidon Place,Female
870,Fitz,Le Pruvost,flepruvosto5@springer.com,Female,44 Vahlen Junction,Male
871,Bealle,Bettanay,bbettanayo6@wp.com,Female,087 Briar Crest Terrace,Male
872,Martina,Peirone,mpeironeo7@businesswire.com,Female,98 Express Lane,Female
873,Edgard,Lapish,elapisho8@weather.com,Female,06 Del Mar Parkway,Male
874,Rois,Labin,rlabino9@linkedin.com,Female,861 Ronald Regan Hill,Female
875,Iver,Vickors,ivickorsoa@microsoft.com,Female,7 Clemons Way,Male
876,Delcina,Helbeck,dhelbeckob@miibeian.gov.cn,Male,0851 Tennessee Court,Female
877,Kiley,Barwack,kbarwackoc@soup.io,Male,9 Schlimgen Terrace,Female
878,Kirstin,Dmisek,kdmisekod@sourceforge.net,Male,92755 Prairie Rose Center,Female
879,Sergent,Kiebes,skiebesoe@lulu.com,Male,002 Bowman Trail,Male
880,Dayle,Vel,dvelof@wix.com,Male,732 Dakota Drive,Female
881,Lemar,Stayte,lstayteog@booking.com,Male,66717 Ridge Oak Drive,Male
882,Lebbie,McMeeking,lmcmeekingoh@columbia.edu,Female,7 Charing Cross Terrace,Female
883,Ruby,Capron,rcapronoi@techcrunch.com,Male,8195 Eggendart Avenue,Female
884,Edan,Masterton,emastertonoj@foxnews.com,Female,03 Maryland Lane,Male
885,Charmine,Rendle,crendleok@aboutads.info,Male,6 Alpine Center,Female
886,Gawain,Belk,gbelkol@woothemes.com,Female,16 Jenifer Road,Male
887,Jamil,Paintain,jpaintainom@nytimes.com,Male,40 Coleman Place,Male
888,Pauletta,Easthope,peasthopeon@theatlantic.com,Female,42592 Fallview Avenue,Female
889,Mitzi,Scolland,mscollandoo@ow.ly,Male,26 Harbort Point,Female
890,Rhianon,Goodings,rgoodingsop@indiegogo.com,Male,6218 Iowa Crossing,Female
891,Norine,Brinkman,nbrinkmanoq@myspace.com,Male,02 Ludington Trail,Female
892,Rickie,Tooker,rtookeror@china.com.cn,Male,642 Westend Plaza,Male
893,Allys,Aasaf,aaasafos@bbb.org,Male,42 Pine View Junction,Female
894,Murdoch,Arnao,marnaoot@networkadvertising.org,Female,0555 Paget Point,Male
895,Pollyanna,Cooksey,pcookseyou@newsvine.com,Female,96 Aberg Road,Female
896,Abraham,Stobbe,astobbeov@cocolog-nifty.com,Male,23441 Forest Pass,Male
897,Halley,Rickson,hricksonow@shareasale.com,Female,25 Judy Park,Female
898,Kimmy,Narey,knareyox@51.la,Male,2 Warrior Trail,Female
899,Mallory,Glawsop,mglawsopoy@ebay.co.uk,Male,95508 Columbus Trail,Male
900,Derry,Sinden,dsindenoz@google.it,Male,942 Division Point,Male
901,Kacie,Grinnell,kgrinnellp0@ucsd.edu,Female,05906 Clemons Parkway,Female
902,Jabez,Sackey,jsackeyp1@yahoo.co.jp,Male,4 Stang Point,Male
903,Brendan,Raecroft,braecroftp2@washington.edu,Female,645 Shasta Park,Male
904,Nikolas,Renon,nrenonp3@si.edu,Male,0 Sutherland Court,Male
905,Sayre,Rentelll,srentelllp4@odnoklassniki.ru,Male,5667 Dottie Pass,Female
906,Nico,Coffelt,ncoffeltp5@wikimedia.org,Female,13726 Bayside Junction,Male
907,Claus,Tendahl,ctendahlp6@si.edu,Male,708 Forster Parkway,Male
908,Krysta,Humblestone,khumblestonep7@tmall.com,Male,0 Bultman Point,Female
909,Hilton,Blackborne,hblackbornep8@devhub.com,Male,8 Oak Terrace,Male
910,Davita,Lermit,dlermitp9@ask.com,Male,4 Lotheville Way,Female
911,Lev,Kellard,lkellardpa@qq.com,Male,057 Bluestem Plaza,Male
912,Darlene,Dulling,ddullingpb@mapquest.com,Male,8996 Northland Parkway,Female
913,Edna,Burley,eburleypc@cloudflare.com,Male,60 Waubesa Crossing,Female
914,Mag,Cauldwell,mcauldwellpd@npr.org,Male,81002 Carberry Center,Female
915,Jens,Duplain,jduplainpe@mozilla.com,Female,049 Browning Parkway,Male
916,Brian,Markwell,bmarkwellpf@topsy.com,Female,52 Mcguire Crossing,Male
917,Eugenia,Izkoveski,eizkoveskipg@ucla.edu,Female,3299 Dakota Circle,Female
918,Lalo,Bison,lbisonph@cafepress.com,Male,52715 Warbler Hill,Male
919,Tarrah,Berresford,tberresfordpi@vimeo.com,Female,631 Dorton Court,Female
920,Brantley,Michelin,bmichelinpj@independent.co.uk,Female,7739 Hintze Crossing,Male
921,Zared,Allmann,zallmannpk@google.ca,Male,1045 American Avenue,Male
922,Talya,Grioli,tgriolipl@wordpress.org,Male,88937 Crownhardt Crossing,Female
923,Marla,Bernardes,mbernardespm@ask.com,Female,08 Vermont Street,Female
924,Hanson,Paddefield,hpaddefieldpn@jugem.jp,Female,55 American Avenue,Male
925,Sharia,Plumtree,splumtreepo@wordpress.org,Male,7738 Loftsgordon Drive,Female
926,Gloriana,Buscher,gbuscherpp@mapquest.com,Male,9769 Golden Leaf Court,Female
927,Vincenty,Preator,vpreatorpq@w3.org,Female,132 Ridge Oak Point,Male
928,Dave,Zelake,dzelakepr@mail.ru,Male,6 Spaight Drive,Male
929,Quentin,Buchan,qbuchanps@webs.com,Female,424 Summer Ridge Place,Male
930,Nester,Cheake,ncheakept@opera.com,Female,3503 Paget Street,Male
931,Koo,Neame,kneamepu@theatlantic.com,Female,90 Arizona Road,Female
932,Leese,Demageard,ldemageardpv@bing.com,Male,0928 Banding Street,Female
933,Nadean,Wykes,nwykespw@360.cn,Male,030 Clemons Street,Female
934,Marven,Malitrott,mmalitrottpx@hugedomains.com,Female,359 Bellgrove Junction,Male
935,Clayton,Bartolacci,cbartolaccipy@ibm.com,Male,95129 Arizona Drive,Male
936,Armin,Abade,aabadepz@eventbrite.com,Male,21 Dahle Avenue,Male
937,Xever,Sellens,xsellensq0@samsung.com,Female,4 Hayes Court,Male
938,Mallissa,Showte,mshowteq1@tinypic.com,Male,1216 Bowman Pass,Female
939,Suzann,Ellery,selleryq2@prnewswire.com,Male,18 Goodland Trail,Female
940,Honey,Avard,havardq3@so-net.ne.jp,Male,61 Dorton Plaza,Female
941,Pepita,Harlett,pharlettq4@ifeng.com,Female,890 Schmedeman Court,Female
942,Merrel,Dixcey,mdixceyq5@1und1.de,Female,22 Utah Parkway,Male
943,Amalia,Mulvy,amulvyq6@mediafire.com,Female,4875 Fisk Lane,Female
944,Bernetta,Delicate,bdelicateq7@hugedomains.com,Male,1829 Sunnyside Avenue,Female
945,Rochell,Moncey,rmonceyq8@photobucket.com,Male,364 Mayfield Crossing,Female
946,Dorie,Cantu,dcantuq9@blogs.com,Male,8294 Loomis Circle,Female
947,Freddy,Gerritsma,fgerritsmaqa@goo.ne.jp,Male,1608 Golf Drive,Male
948,Nevile,Fielding,nfieldingqb@over-blog.com,Male,4655 Eagan Lane,Male
949,Lawton,Banasiak,lbanasiakqc@digg.com,Male,9243 Upham Plaza,Male
950,Elberta,MacNelly,emacnellyqd@usa.gov,Male,992 Chinook Lane,Female
951,Agneta,Hoofe,ahoofeqe@deviantart.com,Male,73 Moose Point,Female
952,Minta,Vivien,mvivienqf@globo.com,Male,4 Ludington Drive,Female
953,Gearard,Andrag,gandragqg@walmart.com,Male,56905 Carey Place,Male
954,Harrie,Lung,hlungqh@behance.net,Male,3458 Dunning Terrace,Female
955,Gideon,Northey,gnortheyqi@jigsy.com,Male,54069 Red Cloud Trail,Male
956,Cchaddie,Whether,cwhetherqj@java.com,Female,28668 Dottie Terrace,Male
957,Evey,Bacher,ebacherqk@about.com,Male,461 Muir Avenue,Female
958,Cherlyn,Macourek,cmacourekql@nbcnews.com,Male,422 Pearson Hill,Female
959,Flemming,Immings,fimmingsqm@statcounter.com,Male,7173 Clove Center,Male
960,Sharline,Thorley,sthorleyqn@columbia.edu,Male,3550 Vahlen Place,Female
961,Gareth,Le Marchand,glemarchandqo@360.cn,Female,49930 Graceland Lane,Male
962,Rod,Oloshin,roloshinqp@yolasite.com,Male,32 Rutledge Trail,Male
963,Ariel,Okroy,aokroyqq@wp.com,Female,5961 Butterfield Parkway,Male
964,Hayyim,Sallenger,hsallengerqr@state.gov,Female,5713 Scott Lane,Male
965,Tessy,Alexsandrowicz,talexsandrowiczqs@wsj.com,Male,81 Novick Junction,Female
966,Lyn,Lawden,llawdenqt@google.de,Male,56851 Beilfuss Center,Male
967,Huntley,Spinello,hspinelloqu@netscape.com,Male,01470 Esker Circle,Male
968,Andrey,Alloway,aallowayqv@printfriendly.com,Female,2512 Lerdahl Trail,Male
969,Doretta,Kempstone,dkempstoneqw@buzzfeed.com,Male,758 Sullivan Place,Female
970,Hewe,Tiller,htillerqx@goodreads.com,Male,82479 Hollow Ridge Center,Male
971,Johan,Brookson,jbrooksonqy@ebay.co.uk,Female,7 Cambridge Junction,Male
972,Caitlin,Fleay,cfleayqz@fc2.com,Female,488 Anthes Drive,Female
973,Pier,Branni,pbrannir0@gravatar.com,Male,63906 Brickson Park Circle,Female
974,Elisha,Pybworth,epybworthr1@goo.gl,Female,072 Main Junction,Male
975,Tanney,Belhomme,tbelhommer2@ed.gov,Female,20 Messerschmidt Junction,Male
976,Ag,Tink,atinkr3@tumblr.com,Female,11 Blue Bill Park Park,Female
977,Wandie,Fright,wfrightr4@si.edu,Female,06 Arizona Street,Female
978,Ericka,Itzcovich,eitzcovichr5@elpais.com,Female,3 La Follette Point,Female
979,Spence,Hawkwood,shawkwoodr6@theguardian.com,Male,7 Sundown Terrace,Male
980,Sim,Frankling,sfranklingr7@blogger.com,Female,3 Ridge Oak Avenue,Male
981,Hanny,Penreth,hpenrethr8@wordpress.org,Male,5564 Derek Center,Female
982,Jillene,Cohr,jcohrr9@google.com,Female,05 Walton Junction,Female
983,Selma,Franseco,sfransecora@photobucket.com,Female,62 Stone Corner Court,Female
984,Ashlen,Priden,apridenrb@flavors.me,Male,548 Hansons Avenue,Female
985,De witt,Gaber,dgaberrc@ameblo.jp,Female,77963 Porter Parkway,Male
986,Arney,Sappy,asappyrd@eepurl.com,Female,10940 Talisman Drive,Male
987,Paul,Lambotin,plambotinre@yale.edu,Female,5401 Anderson Way,Male
988,Korney,Dunkerley,kdunkerleyrf@hhs.gov,Male,65 Northview Parkway,Female
989,Gib,Dargie,gdargierg@wikipedia.org,Female,63135 Calypso Pass,Male
990,Mitchael,Dikles,mdiklesrh@sogou.com,Female,60319 Donald Avenue,Male
991,Davita,Hobben,dhobbenri@rambler.ru,Female,9500 Arapahoe Parkway,Female
992,Kelbee,Gibbons,kgibbonsrj@deviantart.com,Female,98716 Lindbergh Circle,Male
993,Perla,Pinkett,ppinkettrk@marketwatch.com,Female,0 Moland Parkway,Female
994,Tabbitha,Klos,tklosrl@nymag.com,Male,5 Roth Park,Female
995,Bab,Maben,bmabenrm@dmoz.org,Female,50558 Clarendon Center,Female
996,Irvin,Arpin,iarpinrn@google.it,Female,0 Lillian Park,Male
997,Bron,Colombier,bcolombierro@cargocollective.com,Male,85 Kingsford Pass,Male
998,Ottilie,Braddock,obraddockrp@indiatimes.com,Female,68 Superior Crossing,Female
999,Bernette,Le Breton,blebretonrq@wiley.com,Male,650 Trailsway Way,Female
1000,Rasia,Rosettini,rrosettinirr@issuu.com,Male,6173 Magdeline Place,Female
